,Rechnung,Artikelnummer,Artikelbeschreibung,Menge,Rechnungsdatum,Preis,Kundennummer,Land,Umsatz,Jahr,Monat,Wochentag,Tag,Stunde,Kategorie
0,489434,85048,15cm Weihnachtsglaskugel 20 Lichter ,12,2009-12-01 07:45:00,6.95,13085.0,Vereinigtes Königreich ,83.4,2009,12,1,1,7,Lebensmittel
1,489434,79323P,Rosa Kirschlichter ,12,2009-12-01 07:45:00,6.75,13085.0,Vereinigtes Königreich ,81.0,2009,12,1,1,7,Kleidung
2,489434,79323W,Weiße Kirschleuchten ,12,2009-12-01 07:45:00,6.75,13085.0,Vereinigtes Königreich ,81.0,2009,12,1,1,7,Bücher
3,489434,22041,"Rekordrahmen 7 ""Einzelgröße ",48,2009-12-01 07:45:00,2.1,13085.0,Vereinigtes Königreich ,100.80000000000001,2009,12,1,1,7,Haus & Küche
4,489434,21232,Erdbeer-Keramik-Schmuckkasten ,24,2009-12-01 07:45:00,1.25,13085.0,Vereinigtes Königreich ,30.0,2009,12,1,1,7,Lebensmittel
5,489434,22064,Rosa Donut Trinket Pot ,24,2009-12-01 07:45:00,1.65,13085.0,Vereinigtes Königreich ,39.599999999999994,2009,12,1,1,7,Kleidung
6,489434,21871,Speichern Sie den Planet-Becher ,24,2009-12-01 07:45:00,1.25,13085.0,Vereinigtes Königreich ,30.0,2009,12,1,1,7,Kleidung
7,489434,21523,Fancy Font Home Sweet Home Pooratat ,10,2009-12-01 07:45:00,5.95,13085.0,Vereinigtes Königreich ,59.5,2009,12,1,1,7,Haus & Küche
8,489435,22350,Katzenschale ,12,2009-12-01 07:46:00,2.55,13085.0,Vereinigtes Königreich ,30.599999999999998,2009,12,1,1,7,Kleidung
9,489435,22349,"Hundeschale, Kugeldesign ",12,2009-12-01 07:46:00,3.75,13085.0,Vereinigtes Königreich ,45.0,2009,12,1,1,7,Elektronik
10,489435,22195,Herzmesslöffel groß ,24,2009-12-01 07:46:00,1.65,13085.0,Vereinigtes Königreich ,39.599999999999994,2009,12,1,1,7,Kleidung
11,489435,22353,Lunchbox mit Besteck-Feekuchen ,12,2009-12-01 07:46:00,2.55,13085.0,Vereinigtes Königreich ,30.599999999999998,2009,12,1,1,7,Elektronik
12,489436,48173C,Türmatte schwarze Herde ,10,2009-12-01 09:06:00,5.95,13078.0,Vereinigtes Königreich ,59.5,2009,12,1,1,9,Haus & Küche
13,489436,21755,Love Building Block Word ,18,2009-12-01 09:06:00,5.45,13078.0,Vereinigtes Königreich ,98.10000000000001,2009,12,1,1,9,Bücher
14,489436,21754,Home Building Block Word ,3,2009-12-01 09:06:00,5.95,13078.0,Vereinigtes Königreich ,17.85,2009,12,1,1,9,Elektronik
15,489436,84879,Sortierte Farbvogelverzierung ,16,2009-12-01 09:06:00,1.69,13078.0,Vereinigtes Königreich ,27.04,2009,12,1,1,9,Elektronik
16,489436,22119,Peace Hölzerne Blockbuchstaben ,3,2009-12-01 09:06:00,6.95,13078.0,Vereinigtes Königreich ,20.85,2009,12,1,1,9,Kleidung
17,489436,22142,Weihnachtshandwerk weiße Fee ,12,2009-12-01 09:06:00,1.45,13078.0,Vereinigtes Königreich ,17.4,2009,12,1,1,9,Elektronik
18,489436,22296,Herz Elfenbein Trellis groß ,12,2009-12-01 09:06:00,1.65,13078.0,Vereinigtes Königreich ,19.799999999999997,2009,12,1,1,9,Kleidung
19,489436,22295,Herz filigrane Taube groß ,12,2009-12-01 09:06:00,1.65,13078.0,Vereinigtes Königreich ,19.799999999999997,2009,12,1,1,9,Haus & Küche
20,489436,22109,Volle englische Frühstücksplatte ,16,2009-12-01 09:06:00,3.39,13078.0,Vereinigtes Königreich ,54.24,2009,12,1,1,9,Kleidung
21,489436,22107,Pizza-Platte in Kasten ,4,2009-12-01 09:06:00,3.75,13078.0,Vereinigtes Königreich ,15.0,2009,12,1,1,9,Bücher
22,489436,22194,Schwarze Diner Wanduhr ,2,2009-12-01 09:06:00,8.5,13078.0,Vereinigtes Königreich ,17.0,2009,12,1,1,9,Bücher
23,489436,35004B,Satz von 3 schwarzen fliegenden Enten ,12,2009-12-01 09:06:00,4.65,13078.0,Vereinigtes Königreich ,55.800000000000004,2009,12,1,1,9,Haus & Küche
24,489436,82582,Bereich patrouilliert Metallzeichen ,12,2009-12-01 09:06:00,2.1,13078.0,Vereinigtes Königreich ,25.200000000000003,2009,12,1,1,9,Haus & Küche
25,489436,21181,Bitte ein Person Metallzeichen ,12,2009-12-01 09:06:00,2.1,13078.0,Vereinigtes Königreich ,25.200000000000003,2009,12,1,1,9,Lebensmittel
26,489436,21756,Bad Bausteinwort ,3,2009-12-01 09:06:00,5.95,13078.0,Vereinigtes Königreich ,17.85,2009,12,1,1,9,Bücher
27,489436,21333,Klassischer weißer Rahmen. ,6,2009-12-01 09:06:00,2.95,13078.0,Vereinigtes Königreich ,17.700000000000003,2009,12,1,1,9,Kleidung
28,489436,84596F,Kleine Marshmallows rosa Schüssel ,8,2009-12-01 09:06:00,1.25,13078.0,Vereinigtes Königreich ,10.0,2009,12,1,1,9,Bücher
29,489436,84596L,Kekse kleine Schüssel hellblau ,8,2009-12-01 09:06:00,1.25,13078.0,Vereinigtes Königreich ,10.0,2009,12,1,1,9,Bücher
30,489436,22111,Scottie Dog Heißwasserflasche ,24,2009-12-01 09:06:00,4.25,13078.0,Vereinigtes Königreich ,102.0,2009,12,1,1,9,Lebensmittel
31,489437,22143,Weihnachtshandwerk Herzdekorationen ,6,2009-12-01 09:08:00,2.1,15362.0,Vereinigtes Königreich ,12.600000000000001,2009,12,1,1,9,Bücher
32,489437,22145,Weihnachtshandwerk Herzstrumpf ,6,2009-12-01 09:08:00,2.1,15362.0,Vereinigtes Königreich ,12.600000000000001,2009,12,1,1,9,Haus & Küche
33,489437,22130,Party Cone Christmas Decoration ,12,2009-12-01 09:08:00,0.85,15362.0,Vereinigtes Königreich ,10.2,2009,12,1,1,9,Lebensmittel
34,489437,21364,Frieden kleine hölzerne Buchstaben ,2,2009-12-01 09:08:00,6.75,15362.0,Vereinigtes Königreich ,13.5,2009,12,1,1,9,Bücher
35,489437,21360,Freude große hölzerne Buchstaben ,1,2009-12-01 09:08:00,9.95,15362.0,Vereinigtes Königreich ,9.95,2009,12,1,1,9,Kleidung
36,489437,21351,Zimt- und orangefarbener Kranz ,2,2009-12-01 09:08:00,6.75,15362.0,Vereinigtes Königreich ,13.5,2009,12,1,1,9,Lebensmittel
37,489437,21352,Eukalyptus & Pinecone Kranz ,2,2009-12-01 09:08:00,6.75,15362.0,Vereinigtes Königreich ,13.5,2009,12,1,1,9,Elektronik
38,489437,35400,Holzkiste Adventskalender ,2,2009-12-01 09:08:00,8.95,15362.0,Vereinigtes Königreich ,17.9,2009,12,1,1,9,Bücher
39,489437,20695,Blumenblaues Monster ,3,2009-12-01 09:08:00,4.25,15362.0,Vereinigtes Königreich ,12.75,2009,12,1,1,9,Haus & Küche
40,489437,37370,Retro-Kaffeetassen sortiert ,12,2009-12-01 09:08:00,1.25,15362.0,Vereinigtes Königreich ,15.0,2009,12,1,1,9,Haus & Küche
41,489437,10002,Aufblasbare politische globus. ,12,2009-12-01 09:08:00,0.85,15362.0,Vereinigtes Königreich ,10.2,2009,12,1,1,9,Bücher
42,489437,84507B,Stripes Design Affe Puppe ,6,2009-12-01 09:08:00,2.55,15362.0,Vereinigtes Königreich ,15.299999999999999,2009,12,1,1,9,Kleidung
43,489437,20703,Blau gepolstertes weiches mobile ,3,2009-12-01 09:08:00,4.25,15362.0,Vereinigtes Königreich ,12.75,2009,12,1,1,9,Kleidung
44,489437,21987,Packung von 6 Schädelpapierbecher ,12,2009-12-01 09:08:00,0.65,15362.0,Vereinigtes Königreich ,7.800000000000001,2009,12,1,1,9,Kleidung
45,489437,21989,Packung von 20 Schädelpapierservietten ,12,2009-12-01 09:08:00,0.85,15362.0,Vereinigtes Königreich ,10.2,2009,12,1,1,9,Lebensmittel
46,489437,84970S,Hängender Herz-Zink-T-Light-Halter ,12,2009-12-01 09:08:00,0.85,15362.0,Vereinigtes Königreich ,10.2,2009,12,1,1,9,Haus & Küche
47,489437,20971,Rosa Blue Filz Craft Schmuckstück ,12,2009-12-01 09:08:00,1.25,15362.0,Vereinigtes Königreich ,15.0,2009,12,1,1,9,Elektronik
48,489437,22271,Felcraft Puppe Rosie. ,6,2009-12-01 09:08:00,2.95,15362.0,Vereinigtes Königreich ,17.700000000000003,2009,12,1,1,9,Lebensmittel
49,489437,22272,Felcraft Puppe Maria. ,6,2009-12-01 09:08:00,2.95,15362.0,Vereinigtes Königreich ,17.700000000000003,2009,12,1,1,9,Lebensmittel
50,489437,22274,Felcraft Puppe Emily. ,6,2009-12-01 09:08:00,2.95,15362.0,Vereinigtes Königreich ,17.700000000000003,2009,12,1,1,9,Kleidung
51,489437,21912,Vintage Schlangen & Leitern ,4,2009-12-01 09:08:00,3.75,15362.0,Vereinigtes Königreich ,15.0,2009,12,1,1,9,Haus & Küche
52,489437,22111,Scottie Dog Heißwasserflasche ,3,2009-12-01 09:08:00,4.95,15362.0,Vereinigtes Königreich ,14.850000000000001,2009,12,1,1,9,Bücher
53,489437,22112,Schokoladen-heiße Wasserflasche ,3,2009-12-01 09:08:00,4.95,15362.0,Vereinigtes Königreich ,14.850000000000001,2009,12,1,1,9,Bücher
54,489438,21329,Dinosaurier-Schreib-Set. ,28,2009-12-01 09:24:00,0.98,18102.0,Vereinigtes Königreich ,27.439999999999998,2009,12,1,1,9,Elektronik
55,489438,21252,Satz von Wiese Blumenaufkleber ,30,2009-12-01 09:24:00,1.69,18102.0,Vereinigtes Königreich ,50.699999999999996,2009,12,1,1,9,Kleidung
56,489438,21100,Charlie und Lola Charlotte Bag ,30,2009-12-01 09:24:00,1.15,18102.0,Vereinigtes Königreich ,34.5,2009,12,1,1,9,Haus & Küche
57,489438,21033,Jumbo Bag Charlie und Lola Spielzeug ,30,2009-12-01 09:24:00,2.0,18102.0,Vereinigtes Königreich ,60.0,2009,12,1,1,9,Kleidung
58,489438,20711,Jumbo Bag Toys. ,60,2009-12-01 09:24:00,1.3,18102.0,Vereinigtes Königreich ,78.0,2009,12,1,1,9,Elektronik
59,489438,21410,Landhäuschen Türstift grün ,32,2009-12-01 09:24:00,2.5,18102.0,Vereinigtes Königreich ,80.0,2009,12,1,1,9,Haus & Küche
60,489438,21411,Gingham Herz Türstop rot ,32,2009-12-01 09:24:00,2.5,18102.0,Vereinigtes Königreich ,80.0,2009,12,1,1,9,Elektronik
61,489438,84031A,Charlie + Lola Red Warmwasserflasche ,56,2009-12-01 09:24:00,3.0,18102.0,Vereinigtes Königreich ,168.0,2009,12,1,1,9,Haus & Küche
62,489438,84031B,Charlie Lola Blaue Warmwasserflasche ,56,2009-12-01 09:24:00,3.0,18102.0,Vereinigtes Königreich ,168.0,2009,12,1,1,9,Elektronik
63,489438,84032A,Charlie + Lola Rosa Warmwasserflasche ,60,2009-12-01 09:24:00,1.9,18102.0,Vereinigtes Königreich ,114.0,2009,12,1,1,9,Lebensmittel
64,489438,84032B,Charlie + Lola Red Warmwasserflasche ,56,2009-12-01 09:24:00,1.9,18102.0,Vereinigtes Königreich ,106.39999999999999,2009,12,1,1,9,Lebensmittel
65,489438,84519A,Tomate Charlie + Lola Coaster Set ,56,2009-12-01 09:24:00,2.15,18102.0,Vereinigtes Königreich ,120.39999999999999,2009,12,1,1,9,Kleidung
66,489438,84519B,Karotte Charlie + Lola Coaster Set ,60,2009-12-01 09:24:00,2.4,18102.0,Vereinigtes Königreich ,144.0,2009,12,1,1,9,Haus & Küche
67,489438,85132A,Charlie + Lola Kekse Dosen ,60,2009-12-01 09:24:00,6.38,18102.0,Vereinigtes Königreich ,382.8,2009,12,1,1,9,Kleidung
68,489438,85132C,Charlie und Lola Figuren Dosen ,60,2009-12-01 09:24:00,6.4,18102.0,Vereinigtes Königreich ,384.0,2009,12,1,1,9,Bücher
69,489438,85183A,Charlie & Lola Altpaper Bin Blue ,60,2009-12-01 09:24:00,2.4,18102.0,Vereinigtes Königreich ,144.0,2009,12,1,1,9,Bücher
70,489438,85183B,Charlie & Lola Altpaper Bin Flora ,60,2009-12-01 09:24:00,2.4,18102.0,Vereinigtes Königreich ,144.0,2009,12,1,1,9,Haus & Küche
71,489439,22065,Weihnachtspudding Schmuckstücktopf ,12,2009-12-01 09:28:00,1.45,12682.0,Frankreich ,17.4,2009,12,1,1,9,Haus & Küche
72,489439,22138,Backsteinsatz 9 Stück Retrospot ,9,2009-12-01 09:28:00,4.95,12682.0,Frankreich ,44.550000000000004,2009,12,1,1,9,Elektronik
73,489439,22139,Retro-Spot-Tee-Set Keramik 11-PC ,9,2009-12-01 09:28:00,4.95,12682.0,Frankreich ,44.550000000000004,2009,12,1,1,9,Elektronik
74,489439,22352,Lunchbox mit Besteck Retrospot ,12,2009-12-01 09:28:00,2.55,12682.0,Frankreich ,30.599999999999998,2009,12,1,1,9,Lebensmittel
75,489439,85014A,Schwarz / Blaue Punkte Rüste Regenschirm ,3,2009-12-01 09:28:00,5.95,12682.0,Frankreich ,17.85,2009,12,1,1,9,Bücher
76,489439,85014B,Rot / Weiß-Punkte Rüschen Regenschirm ,3,2009-12-01 09:28:00,5.95,12682.0,Frankreich ,17.85,2009,12,1,1,9,Bücher
77,489439,16161P,Wickeln Sie englische Rose ,25,2009-12-01 09:28:00,0.42,12682.0,Frankreich ,10.5,2009,12,1,1,9,Haus & Küche
78,489439,16169N,Wrap Blue Russian Folkart ,25,2009-12-01 09:28:00,0.42,12682.0,Frankreich ,10.5,2009,12,1,1,9,Haus & Küche
79,489439,21491,Satz von drei Weinlesegeschenkverpackungen ,6,2009-12-01 09:28:00,1.95,12682.0,Frankreich ,11.7,2009,12,1,1,9,Elektronik
80,489439,22333,Retro Sport Party Bag + Aufkleber Set ,8,2009-12-01 09:28:00,1.65,12682.0,Frankreich ,13.2,2009,12,1,1,9,Lebensmittel
81,489439,85216,Sortierte Kuchen Kühlschrankmagnete ,12,2009-12-01 09:28:00,0.65,12682.0,Frankreich ,7.800000000000001,2009,12,1,1,9,Lebensmittel
82,489439,21493,Vintage Design Geschenk-Tags ,12,2009-12-01 09:28:00,0.85,12682.0,Frankreich ,10.2,2009,12,1,1,9,Haus & Küche
83,489439,22130,Party Cone Christmas Decoration ,24,2009-12-01 09:28:00,0.85,12682.0,Frankreich ,20.4,2009,12,1,1,9,Bücher
84,489439,22064,Rosa Donut Trinket Pot ,12,2009-12-01 09:28:00,1.65,12682.0,Frankreich ,19.799999999999997,2009,12,1,1,9,Elektronik
85,489439,21731,Red Toadstool führte Nachtlicht ,24,2009-12-01 09:28:00,1.65,12682.0,Frankreich ,39.599999999999994,2009,12,1,1,9,Haus & Küche
86,489439,85232B,Set / 3 Russische Puppen-Stapel-Dosen ,6,2009-12-01 09:28:00,4.95,12682.0,Frankreich ,29.700000000000003,2009,12,1,1,9,Bücher
87,489439,84691,Pack 20 Dolly-Pegs ,12,2009-12-01 09:28:00,0.85,12682.0,Frankreich ,10.2,2009,12,1,1,9,Kleidung
88,489439,20749,Sortierte Farbmini-Fälle ,2,2009-12-01 09:28:00,7.95,12682.0,Frankreich ,15.9,2009,12,1,1,9,Lebensmittel
89,489439,POST,PORTO ,3,2009-12-01 09:28:00,18.0,12682.0,Frankreich ,54.0,2009,12,1,1,9,Bücher
90,489440,22350,Katzenschale ,8,2009-12-01 09:43:00,2.55,18087.0,Vereinigtes Königreich ,20.4,2009,12,1,1,9,Haus & Küche
91,489440,22349,"Hundeschale, Kugeldesign ",8,2009-12-01 09:43:00,3.75,18087.0,Vereinigtes Königreich ,30.0,2009,12,1,1,9,Elektronik
92,489441,22321,Roter Fleck der Vogeldekoration ,12,2009-12-01 09:44:00,0.72,18087.0,Vereinigtes Königreich ,8.64,2009,12,1,1,9,Lebensmittel
93,489441,22138,Backsteinsatz 9 Stück Retrospot ,6,2009-12-01 09:44:00,4.25,18087.0,Vereinigtes Königreich ,25.5,2009,12,1,1,9,Haus & Küche
94,489441,84029E,Rotes Wolliges Hottie-weißes Herz. ,36,2009-12-01 09:44:00,2.95,18087.0,Vereinigtes Königreich ,106.2,2009,12,1,1,9,Elektronik
95,489441,22111,Scottie Dog Heißwasserflasche ,48,2009-12-01 09:44:00,4.25,18087.0,Vereinigtes Königreich ,204.0,2009,12,1,1,9,Elektronik
96,489442,21955,Union Jack Guns & Roses Doormat ,2,2009-12-01 09:46:00,6.75,13635.0,Vereinigtes Königreich ,13.5,2009,12,1,1,9,Haus & Küche
97,489442,22111,Scottie Dog Heißwasserflasche ,3,2009-12-01 09:46:00,4.95,13635.0,Vereinigtes Königreich ,14.850000000000001,2009,12,1,1,9,Kleidung
98,489442,22296,Herz Elfenbein Trellis groß ,12,2009-12-01 09:46:00,1.65,13635.0,Vereinigtes Königreich ,19.799999999999997,2009,12,1,1,9,Elektronik
99,489442,84899E,Gelb + Braun Bär Filz Geldbörse Kit ,12,2009-12-01 09:46:00,1.25,13635.0,Vereinigtes Königreich ,15.0,2009,12,1,1,9,Kleidung
100,489442,22272,FELTCRAFT DOLL MARIA,6,2009-12-01 09:46:00,2.95,13635.0,Vereinigtes Königreich,17.700000000000003,2009,12,1,1,9,Bücher
101,489442,85123A,WEISSHÄCHTIGE INHABER DES HERZENS T-LIGHT,6,2009-12-01 09:46:00,2.95,13635.0,Vereinigtes Königreich,17.700000000000003,2009,12,1,1,9,Kleidung
102,489442,21582,KÖNIGLICHKEIT KLEINE TÜBE MATCHEN,20,2009-12-01 09:46:00,1.65,13635.0,Vereinigtes Königreich,33.0,2009,12,1,1,9,Kleidung
103,489442,21586,KÖNIGLICHE KÖNIGLICHE KÖNE,12,2009-12-01 09:46:00,2.55,13635.0,Vereinigtes Königreich,30.599999999999998,2009,12,1,1,9,Lebensmittel
104,489442,21590,KÖNIGLICHE WAHLZIGARBOX MATCHES,48,2009-12-01 09:46:00,1.25,13635.0,Vereinigtes Königreich,60.0,2009,12,1,1,9,Bücher
105,489442,22091,EMPIRE TISSUE BOX,12,2009-12-01 09:46:00,1.25,13635.0,Vereinigtes Königreich,15.0,2009,12,1,1,9,Lebensmittel
106,489442,84251J,"GRATISKARTE, DIE SCHWARZKARTE",12,2009-12-01 09:46:00,0.42,13635.0,Vereinigtes Königreich,5.04,2009,12,1,1,9,Kleidung
107,489442,22024,RAINY LADES BIRTHDAY CARD,12,2009-12-01 09:46:00,0.42,13635.0,Vereinigtes Königreich,5.04,2009,12,1,1,9,Kleidung
108,489442,22026,BANQUET BIRTHDAY CARD,12,2009-12-01 09:46:00,0.42,13635.0,Vereinigtes Königreich,5.04,2009,12,1,1,9,Kleidung
109,489442,22029,SPACE BOY BIRTHDAY CARD,12,2009-12-01 09:46:00,0.42,13635.0,Vereinigtes Königreich,5.04,2009,12,1,1,9,Haus & Küche
110,489442,22025,RING DER ROSEN BIRTHTAG CARD,12,2009-12-01 09:46:00,0.42,13635.0,Vereinigtes Königreich,5.04,2009,12,1,1,9,Lebensmittel
111,489442,22031,BOTANISCHER LAVENDER BIRTHDAY CARD,12,2009-12-01 09:46:00,0.42,13635.0,Vereinigtes Königreich,5.04,2009,12,1,1,9,Lebensmittel
112,489442,21428,SET3 BOOK BOX GREEN GINGHAM FLOWER,4,2009-12-01 09:46:00,4.25,13635.0,Vereinigtes Königreich,17.0,2009,12,1,1,9,Haus & Küche
113,489442,21430,SET/3 RED GINGHAM ROSE STORAGE BOX,4,2009-12-01 09:46:00,3.75,13635.0,Vereinigtes Königreich,15.0,2009,12,1,1,9,Elektronik
114,489442,21916,SET 12 RETRO WHITE CHALK STICKS,24,2009-12-01 09:46:00,0.42,13635.0,Vereinigtes Königreich,10.08,2009,12,1,1,9,Bücher
115,489442,21790,VINTAGE-SNAP-KARTEN,12,2009-12-01 09:46:00,0.85,13635.0,Vereinigtes Königreich,10.2,2009,12,1,1,9,Kleidung
116,489442,21888,BINGO SET,8,2009-12-01 09:46:00,3.75,13635.0,Vereinigtes Königreich,30.0,2009,12,1,1,9,Kleidung
117,489442,85178,VIKTORISCHES SEWING KIT,12,2009-12-01 09:46:00,1.25,13635.0,Vereinigtes Königreich,15.0,2009,12,1,1,9,Bücher
118,489443,20754,RETRO RED SPOTTY WASHING GLOVES,6,2009-12-01 09:50:00,2.1,14110.0,Vereinigtes Königreich,12.600000000000001,2009,12,1,1,9,Kleidung
119,489443,21035,SET/2 RED SPOTTY TEA TOWELS,12,2009-12-01 09:50:00,2.95,14110.0,Vereinigtes Königreich,35.400000000000006,2009,12,1,1,9,Kleidung
120,489443,22041,"EINZELGRÖßE 7""",48,2009-12-01 09:50:00,2.1,14110.0,Vereinigtes Königreich,100.80000000000001,2009,12,1,1,9,Kleidung
121,489443,82001S,VINYL RECORD RAHMEN SILBER,24,2009-12-01 09:50:00,3.39,14110.0,Vereinigtes Königreich,81.36,2009,12,1,1,9,Haus & Küche
122,489443,82580,BADEZOOM METAL SIGN,12,2009-12-01 09:50:00,0.55,14110.0,Vereinigtes Königreich,6.6000000000000005,2009,12,1,1,9,Kleidung
123,489443,85150,LADIEN UND GENTLEMEN METAL SIGN,12,2009-12-01 09:50:00,2.55,14110.0,Vereinigtes Königreich,30.599999999999998,2009,12,1,1,9,Kleidung
124,489443,21041,RED SPOTTY OVEN GLOVE DOUBLE,6,2009-12-01 09:50:00,2.95,14110.0,Vereinigtes Königreich,17.700000000000003,2009,12,1,1,9,Lebensmittel
125,489444,POST,POSTUNG,1,2009-12-01 09:55:00,141.0,12636.0,USA,141.0,2009,12,1,1,9,Bücher
126,489445,35916C,PINK FET HING HERZ W FLOWER,12,2009-12-01 09:57:00,0.85,17519.0,Vereinigtes Königreich,10.2,2009,12,1,1,9,Haus & Küche
127,489445,35916B,BLUE FELT HING HERZ W FLOWER,12,2009-12-01 09:57:00,0.85,17519.0,Vereinigtes Königreich,10.2,2009,12,1,1,9,Lebensmittel
128,489445,22321,BIRD DECORATION RED SPOT,24,2009-12-01 09:57:00,0.85,17519.0,Vereinigtes Königreich,20.4,2009,12,1,1,9,Bücher
129,489445,22130,PARTEIENKONE CHRISTMAS DECORATION,12,2009-12-01 09:57:00,0.85,17519.0,Vereinigtes Königreich,10.2,2009,12,1,1,9,Haus & Küche
130,489445,22180,RETRO SPOT LAMP,2,2009-12-01 09:57:00,9.95,17519.0,Vereinigtes Königreich,19.9,2009,12,1,1,9,Haus & Küche
131,489445,22128,PARTEIENKONEN KÖNNEN VERSICHERT WERDEN,12,2009-12-01 09:57:00,1.25,17519.0,Vereinigtes Königreich,15.0,2009,12,1,1,9,Elektronik
132,489445,22163,HEART STRING MEMO INHABER HING,6,2009-12-01 09:57:00,2.95,17519.0,Vereinigtes Königreich,17.700000000000003,2009,12,1,1,9,Bücher
133,489445,35951,FOLKART BAUBLE CHRISTMAS DECORATION,48,2009-12-01 09:57:00,0.38,17519.0,Vereinigtes Königreich,18.240000000000002,2009,12,1,1,9,Elektronik
134,489445,22253,6 KRAFTSTRASSERIEN,12,2009-12-01 09:57:00,1.25,17519.0,Vereinigtes Königreich,15.0,2009,12,1,1,9,Bücher
135,489445,84988,SET von 72 PINK HERZ PAPIERSTÜCKE,12,2009-12-01 09:57:00,1.45,17519.0,Vereinigtes Königreich,17.4,2009,12,1,1,9,Lebensmittel
136,489445,22219,LOVEBIRD HINGING DECORATION WEISSE,24,2009-12-01 09:57:00,0.85,17519.0,Vereinigtes Königreich,20.4,2009,12,1,1,9,Kleidung
137,489445,18097C,WEISS TALL PORCELAIN T-LIGHT INHABER,6,2009-12-01 09:57:00,2.55,17519.0,Vereinigtes Königreich,15.299999999999999,2009,12,1,1,9,Bücher
138,489445,22138,BACKUNG SET 9 PIECE RETROSPOT,3,2009-12-01 09:57:00,4.95,17519.0,Vereinigtes Königreich,14.850000000000001,2009,12,1,1,9,Kleidung
139,489445,21299,EDWARDISCHE TOILET ROLL EINHEIT,1,2009-12-01 09:57:00,12.75,17519.0,Vereinigtes Königreich,12.75,2009,12,1,1,9,Haus & Küche
140,489445,21099,SET/6 STRAWBERRY PAPER CUPS,24,2009-12-01 09:57:00,0.65,17519.0,Vereinigtes Königreich,15.600000000000001,2009,12,1,1,9,Elektronik
141,489445,21085,SET/6 WOODLAND PAPER CUPS,24,2009-12-01 09:57:00,0.65,17519.0,Vereinigtes Königreich,15.600000000000001,2009,12,1,1,9,Elektronik
142,489445,21929,JUMBO BAG PINK VINTAGE PAISLEY,10,2009-12-01 09:57:00,1.95,17519.0,Vereinigtes Königreich,19.5,2009,12,1,1,9,Lebensmittel
143,489445,22241,"GARLAND, WOODEN ""Glücklicher Oster""",24,2009-12-01 09:57:00,1.25,17519.0,Vereinigtes Königreich,30.0,2009,12,1,1,9,Bücher
144,489445,21091,SET/6 WOODLAND PAPIERPLATZEN,12,2009-12-01 09:57:00,0.85,17519.0,Vereinigtes Königreich,10.2,2009,12,1,1,9,Bücher
145,489446,21733,RED HINGING HERZ T-LIGHT INHABER,32,2009-12-01 10:06:00,2.55,13758.0,Vereinigtes Königreich,81.6,2009,12,1,1,10,Elektronik
146,489446,85123A,WEISSHÄCHTIGE INHABER DES HERZENS T-LIGHT,32,2009-12-01 10:06:00,2.55,13758.0,Vereinigtes Königreich,81.6,2009,12,1,1,10,Elektronik
147,489446,22178,VICTORIAN GLAS HINGING T-LIGHT,12,2009-12-01 10:06:00,1.25,13758.0,Vereinigtes Königreich,15.0,2009,12,1,1,10,Haus & Küche
148,489446,22125,UNIONSJACK HOT WASSER FLASCHE,12,2009-12-01 10:06:00,5.95,13758.0,Vereinigtes Königreich,71.4,2009,12,1,1,10,Kleidung
149,489446,21671,RED SPOT CERAMIC DRAWER KNOB,12,2009-12-01 10:06:00,1.25,13758.0,Vereinigtes Königreich,15.0,2009,12,1,1,10,Haus & Küche
150,489446,22086,PAPER CHAIN KIT 50'S CHRISTMAS,12,2009-12-01 10:06:00,2.95,13758.0,Vereinigtes Königreich,35.400000000000006,2009,12,1,1,10,Elektronik
151,489446,22111,SCOTTIE DOG HOT WASSER FLASCHE,6,2009-12-01 10:06:00,4.95,13758.0,Vereinigtes Königreich,29.700000000000003,2009,12,1,1,10,Bücher
152,489446,22112,KOKOLATISCHE HOT WASSER FLASCHE,12,2009-12-01 10:06:00,4.95,13758.0,Vereinigtes Königreich,59.400000000000006,2009,12,1,1,10,Elektronik
153,489446,22294,HERZFILIGREICH ENTDECKEN KLEIN,24,2009-12-01 10:06:00,1.25,13758.0,Vereinigtes Königreich,30.0,2009,12,1,1,10,Bücher
154,489446,22199,FRYING PAN RED POLCADOT,4,2009-12-01 10:06:00,4.25,13758.0,Vereinigtes Königreich,17.0,2009,12,1,1,10,Lebensmittel
155,489446,22083,PAPER CHAIN KIT RETRO SPOT,24,2009-12-01 10:06:00,2.95,13758.0,Vereinigtes Königreich,70.80000000000001,2009,12,1,1,10,Bücher
156,489446,22114,WASSERFLASCHE TEE UND SYMPATHY,12,2009-12-01 10:06:00,3.95,13758.0,Vereinigtes Königreich,47.400000000000006,2009,12,1,1,10,Elektronik
157,489446,21485,RED SPOT HERZ HOT WASSER FLASCHE,12,2009-12-01 10:06:00,4.95,13758.0,Vereinigtes Königreich,59.400000000000006,2009,12,1,1,10,Elektronik
158,489446,21928,JUMBO BAG SCANDINAVIAN PAISLEY,10,2009-12-01 10:06:00,1.95,13758.0,Vereinigtes Königreich,19.5,2009,12,1,1,10,Lebensmittel
159,489446,21929,JUMBO BAG PINK VINTAGE PAISLEY,10,2009-12-01 10:06:00,1.95,13758.0,Vereinigtes Königreich,19.5,2009,12,1,1,10,Elektronik
160,489446,85099B,JUMBO BAG RED WEISSSPOTTY,20,2009-12-01 10:06:00,1.95,13758.0,Vereinigtes Königreich,39.0,2009,12,1,1,10,Elektronik
161,489446,22356,"CHARLOTE BAG, PINK/WHITE SPOTS",10,2009-12-01 10:06:00,0.85,13758.0,Vereinigtes Königreich,8.5,2009,12,1,1,10,Kleidung
162,489446,20724,RED SPOTTY CHARLOTTE BAG,10,2009-12-01 10:06:00,0.85,13758.0,Vereinigtes Königreich,8.5,2009,12,1,1,10,Kleidung
163,489446,21590,KÖNIGLICHE WAHLZIGARBOX MATCHES,24,2009-12-01 10:06:00,1.25,13758.0,Vereinigtes Königreich,30.0,2009,12,1,1,10,Bücher
164,489446,21592,RETRO SPOT CIGAR BOX MATCHES,24,2009-12-01 10:06:00,1.25,13758.0,Vereinigtes Königreich,30.0,2009,12,1,1,10,Haus & Küche
165,489446,20725,LUNCH BAG RED SPOTTY,10,2009-12-01 10:06:00,1.65,13758.0,Vereinigtes Königreich,16.5,2009,12,1,1,10,Haus & Küche
166,489446,20728,LUNCH BAG CARS BLUE,10,2009-12-01 10:06:00,1.65,13758.0,Vereinigtes Königreich,16.5,2009,12,1,1,10,Lebensmittel
167,489446,20726,LUNCH BAG WOODLAND,10,2009-12-01 10:06:00,1.65,13758.0,Vereinigtes Königreich,16.5,2009,12,1,1,10,Lebensmittel
168,489446,20754,RETRO RED SPOTTY WASHING GLOVES,12,2009-12-01 10:06:00,2.1,13758.0,Vereinigtes Königreich,25.200000000000003,2009,12,1,1,10,Elektronik
169,489446,21217,RED SPOTTY ROUND CAKE TINS,12,2009-12-01 10:06:00,8.95,13758.0,Vereinigtes Königreich,107.39999999999999,2009,12,1,1,10,Haus & Küche
170,489446,22195,GROSSER HERZ MESSERING SPOONS,12,2009-12-01 10:06:00,1.65,13758.0,Vereinigtes Königreich,19.799999999999997,2009,12,1,1,10,Lebensmittel
171,489446,85066,KREAM SCHWEETHEART MINI CHEST,2,2009-12-01 10:06:00,12.75,13758.0,Vereinigtes Königreich,25.5,2009,12,1,1,10,Kleidung
172,489447,POST,POSTUNG,1,2009-12-01 10:10:00,130.0,12362.0,Belgien,130.0,2009,12,1,1,10,Elektronik
173,489448,20827,GOLD APERITIF GLAS,48,2009-12-01 10:18:00,2.12,15413.0,Vereinigtes Königreich,101.76,2009,12,1,1,10,Kleidung
174,489448,20825,GOLD WINE GLAS,48,2009-12-01 10:18:00,3.39,15413.0,Vereinigtes Königreich,162.72,2009,12,1,1,10,Bücher
175,489448,20823,GOLD WINE GOBLET,48,2009-12-01 10:18:00,4.25,15413.0,Vereinigtes Königreich,204.0,2009,12,1,1,10,Kleidung
176,489448,20826,SILVER APERITIF GLAS,48,2009-12-01 10:18:00,2.12,15413.0,Vereinigtes Königreich,101.76,2009,12,1,1,10,Haus & Küche
186,489450,22087,PAPIERBUNTERNEHMEN WEISSBETRIEBE,12,2009-12-01 10:36:00,2.95,16321.0,Australien,35.400000000000006,2009,12,1,1,10,Kleidung
187,489450,85206A,KREAM FELT ESTER EGG BASKET,6,2009-12-01 10:36:00,1.65,16321.0,Australien,9.899999999999999,2009,12,1,1,10,Lebensmittel
188,489450,21895,VERSCHIEDENES SOW 'N' WACHSTUM,4,2009-12-01 10:36:00,4.25,16321.0,Australien,17.0,2009,12,1,1,10,Lebensmittel
189,489450,21896,FLASCHENZWEIN,6,2009-12-01 10:36:00,2.1,16321.0,Australien,12.600000000000001,2009,12,1,1,10,Kleidung
190,489450,22083,PAPER CHAIN KIT RETRO SPOT,12,2009-12-01 10:36:00,2.95,16321.0,Australien,35.400000000000006,2009,12,1,1,10,Bücher
191,489450,21871,SAVE THE PLANET MUG,12,2009-12-01 10:36:00,1.25,16321.0,Australien,15.0,2009,12,1,1,10,Kleidung
192,489450,84946,ANTIQUE SILVER TEA GLAS ETCHED,12,2009-12-01 10:36:00,1.25,16321.0,Australien,15.0,2009,12,1,1,10,Elektronik
193,489450,84970S,INHABER DER HERZZINC T-LIGHT,24,2009-12-01 10:36:00,0.85,16321.0,Australien,20.4,2009,12,1,1,10,Haus & Küche
194,489450,22090,PAPIERBUNTERNEHMEN (RETRO SPOTS),12,2009-12-01 10:36:00,2.95,16321.0,Australien,35.400000000000006,2009,12,1,1,10,Kleidung
208,489460,79323P,PINK CHERRY LICHTS,8,2009-12-01 10:46:00,6.75,16167.0,Vereinigtes Königreich,54.0,2009,12,1,1,10,Lebensmittel
209,489460,21977,PACKUNG VON 60 PINK PAISLEY CAKE RECHTSSACHEN,24,2009-12-01 10:46:00,0.55,16167.0,Vereinigtes Königreich,13.200000000000001,2009,12,1,1,10,Lebensmittel
210,489460,84991,60 FÄHIGKEIT FÄHIGKEITEN,24,2009-12-01 10:46:00,0.55,16167.0,Vereinigtes Königreich,13.200000000000001,2009,12,1,1,10,Haus & Küche
211,489460,22274,FELTCRAFT DOLL EMILY,6,2009-12-01 10:46:00,2.95,16167.0,Vereinigtes Königreich,17.700000000000003,2009,12,1,1,10,Lebensmittel
212,489460,22273,FELTCRAFT DOLL MOLLY,6,2009-12-01 10:46:00,2.95,16167.0,Vereinigtes Königreich,17.700000000000003,2009,12,1,1,10,Kleidung
213,489460,22179,SET 10 LICHTE NÄCHSTE OWL,4,2009-12-01 10:46:00,6.75,16167.0,Vereinigtes Königreich,27.0,2009,12,1,1,10,Elektronik
214,489460,22320,BIRDS MOBILE VINTAGE DESIGN,3,2009-12-01 10:46:00,5.95,16167.0,Vereinigtes Königreich,17.85,2009,12,1,1,10,Elektronik
215,489460,22232,3 PIECE JIGSAW TOADSTOOLS,8,2009-12-01 10:46:00,1.65,16167.0,Vereinigtes Königreich,13.2,2009,12,1,1,10,Lebensmittel
216,489460,84598,JUNGE ALPHABET IRON AUF PATZE,576,2009-12-01 10:46:00,0.21,16167.0,Vereinigtes Königreich,120.96,2009,12,1,1,10,Bücher
217,489460,79323W,WEISSKHERRY LICHTS,8,2009-12-01 10:46:00,6.75,16167.0,Vereinigtes Königreich,54.0,2009,12,1,1,10,Haus & Küche
218,489460,22138,BACKUNG SET 9 PIECE RETROSPOT,3,2009-12-01 10:46:00,4.95,16167.0,Vereinigtes Königreich,14.850000000000001,2009,12,1,1,10,Kleidung
219,489460,22139,RETRO SPOT TEA SET CERAMIC 11 PC,3,2009-12-01 10:46:00,4.95,16167.0,Vereinigtes Königreich,14.850000000000001,2009,12,1,1,10,Elektronik
220,489460,79323S,SILVERKHERRY LIGHTS,4,2009-12-01 10:46:00,6.75,16167.0,Vereinigtes Königreich,27.0,2009,12,1,1,10,Haus & Küche
221,489460,21731,RED TOADSTOL LED NIGHT LIGHT,12,2009-12-01 10:46:00,1.65,16167.0,Vereinigtes Königreich,19.799999999999997,2009,12,1,1,10,Lebensmittel
222,489460,84568,GIRLS ALPHABET IRON AUF PATZE,288,2009-12-01 10:46:00,0.21,16167.0,Vereinigtes Königreich,60.48,2009,12,1,1,10,Bücher
223,489461,21668,RED STRIPE CERAMIC DRAWER KNOB,24,2009-12-01 10:49:00,1.25,17865.0,Vereinigtes Königreich,30.0,2009,12,1,1,10,Bücher
224,489461,21669,BLUE STRIPE CERAMIC DRAWER KNOB,24,2009-12-01 10:49:00,1.25,17865.0,Vereinigtes Königreich,30.0,2009,12,1,1,10,Haus & Küche
225,489461,21670,BLUE SPOT CERAMIC DRAWER KNOB,24,2009-12-01 10:49:00,1.25,17865.0,Vereinigtes Königreich,30.0,2009,12,1,1,10,Haus & Küche
226,489461,21671,RED SPOT CERAMIC DRAWER KNOB,24,2009-12-01 10:49:00,1.25,17865.0,Vereinigtes Königreich,30.0,2009,12,1,1,10,Bücher
227,489461,21672,WHITE SPOT RED CERAMIC DRAWER KNOB,24,2009-12-01 10:49:00,1.25,17865.0,Vereinigtes Königreich,30.0,2009,12,1,1,10,Kleidung
228,489461,21673,WHITE SPOT BLUE CERAMIC DRAWER KNOB,24,2009-12-01 10:49:00,1.25,17865.0,Vereinigtes Königreich,30.0,2009,12,1,1,10,Bücher
229,489461,22125,UNIONSJACK HOT WASSER FLASCHE,3,2009-12-01 10:49:00,5.95,17865.0,Vereinigtes Königreich,17.85,2009,12,1,1,10,Haus & Küche
230,489461,21232,STRAWBERRY CERAMIC TRINKET BOX,48,2009-12-01 10:49:00,1.25,17865.0,Vereinigtes Königreich,60.0,2009,12,1,1,10,Elektronik
231,489461,85071A,BLUE CHARLIE+LOLA PERSÖNLICHE TÜREN,6,2009-12-01 10:49:00,2.95,17865.0,Vereinigtes Königreich,17.700000000000003,2009,12,1,1,10,Lebensmittel
232,489461,85071B,RED CHARLIE+LOLA PERSÖNLICHE TÜREN,6,2009-12-01 10:49:00,2.95,17865.0,Vereinigtes Königreich,17.700000000000003,2009,12,1,1,10,Lebensmittel
233,489461,21161,JUNGE SCHREIEN TÜR HANGER,12,2009-12-01 10:49:00,1.45,17865.0,Vereinigtes Königreich,17.4,2009,12,1,1,10,Kleidung
234,489461,21162,TOXISCHER RAUMTÜRHANGER,12,2009-12-01 10:49:00,1.45,17865.0,Vereinigtes Königreich,17.4,2009,12,1,1,10,Elektronik
235,489461,21248,DOOR HANGER MUM + DADS ZIMMER,12,2009-12-01 10:49:00,1.45,17865.0,Vereinigtes Königreich,17.4,2009,12,1,1,10,Kleidung
236,489461,21159,MOODY JUNGE TÜR HANGER,12,2009-12-01 10:49:00,1.45,17865.0,Vereinigtes Königreich,17.4,2009,12,1,1,10,Bücher
237,489461,82582,GESAMTBESCHEINIGTE METALSIGNE,12,2009-12-01 10:49:00,2.1,17865.0,Vereinigtes Königreich,25.200000000000003,2009,12,1,1,10,Bücher
238,489461,21181,BITTE EINE PERSÖNLICHE METAL SIGN,6,2009-12-01 10:49:00,2.1,17865.0,Vereinigtes Königreich,12.600000000000001,2009,12,1,1,10,Haus & Küche
239,489461,85150,LADIEN UND GENTLEMEN METAL SIGN,6,2009-12-01 10:49:00,2.55,17865.0,Vereinigtes Königreich,15.299999999999999,2009,12,1,1,10,Elektronik
240,489461,82494L,WODEN FRAME ANTIQUE WEISSE,6,2009-12-01 10:49:00,2.95,17865.0,Vereinigtes Königreich,17.700000000000003,2009,12,1,1,10,Haus & Küche
241,489461,82486,WOOD S/3 CABINET ANT WEISSFUNSCH,2,2009-12-01 10:49:00,7.95,17865.0,Vereinigtes Königreich,15.9,2009,12,1,1,10,Elektronik
242,489461,82483,WOOD 2 DRAWER CABINET WEISSFÖRDERUNG,3,2009-12-01 10:49:00,5.95,17865.0,Vereinigtes Königreich,17.85,2009,12,1,1,10,Haus & Küche
243,489462,90200D,PINK SCHWEIZART BRACELET,3,2009-12-01 10:49:00,4.25,17592.0,Vereinigtes Königreich,12.75,2009,12,1,1,10,Bücher
244,489462,90200E,GRÜNSCHEN SCHEETHEART BRACELET,3,2009-12-01 10:49:00,4.25,17592.0,Vereinigtes Königreich,12.75,2009,12,1,1,10,Lebensmittel
245,489461,21212,PACKUNG VON 72 RETRO SPOT CAKE RECHTSSACHEN,24,2009-12-01 10:49:00,0.55,17865.0,Vereinigtes Königreich,13.200000000000001,2009,12,1,1,10,Bücher
246,489461,84991,60 FÄHIGKEITS FÄHIGKEITEN,24,2009-12-01 10:49:00,0.55,17865.0,Vereinigtes Königreich,13.200000000000001,2009,12,1,1,10,Kleidung
247,489461,22180,RETRO SPOT LAMP,2,2009-12-01 10:49:00,9.95,17865.0,Vereinigtes Königreich,19.9,2009,12,1,1,10,Bücher
248,489461,72756,FAIRY CAKANDLES,27,2009-12-01 10:49:00,1.49,17865.0,Vereinigtes Königreich,40.23,2009,12,1,1,10,Lebensmittel
249,489461,22063,CERAMIC BOWL MIT STRAWBERRY DESIGN,6,2009-12-01 10:49:00,2.95,17865.0,Vereinigtes Königreich,17.700000000000003,2009,12,1,1,10,Bücher
250,489461,37450,CERAMIC CAKE BOWL + HANGING CAKES,6,2009-12-01 10:49:00,2.95,17865.0,Vereinigtes Königreich,17.700000000000003,2009,12,1,1,10,Elektronik
251,489462,90200A,ZUSAMMENSETZUNG DER SCHWEIZERBRACELET,3,2009-12-01 10:49:00,4.25,17592.0,Vereinigtes Königreich,12.75,2009,12,1,1,10,Kleidung
252,489462,90200C,BLUE SCHEETHEART BRACELET,3,2009-12-01 10:49:00,4.25,17592.0,Vereinigtes Königreich,12.75,2009,12,1,1,10,Elektronik
253,489462,90200B,SCHWARZSCHWEIZER BRACELET,3,2009-12-01 10:49:00,4.25,17592.0,Vereinigtes Königreich,12.75,2009,12,1,1,10,Haus & Küche
254,489462,90185C,BLACK DIAMANTE EXPANDABLE RING,3,2009-12-01 10:49:00,4.25,17592.0,Vereinigtes Königreich,12.75,2009,12,1,1,10,Elektronik
255,489462,90185B,METHYST DIAMANTE EXPANDABLE RING,3,2009-12-01 10:49:00,4.25,17592.0,Vereinigtes Königreich,12.75,2009,12,1,1,10,Bücher
256,489462,90003C,MIDNIGHT BLUE PAIR HERZ HAIR SLIDE,3,2009-12-01 10:49:00,3.75,17592.0,Vereinigtes Königreich,11.25,2009,12,1,1,10,Bücher
257,489462,90003D,KRYSTALPAIR HERZHERZHARZSTELLEN,3,2009-12-01 10:49:00,3.75,17592.0,Vereinigtes Königreich,11.25,2009,12,1,1,10,Haus & Küche
258,489462,90003B,ROSE FARBE PAIR HERZEN HAIR SLIDES,3,2009-12-01 10:49:00,3.75,17592.0,Vereinigtes Königreich,11.25,2009,12,1,1,10,Kleidung
259,489462,90209C,PINK ENAMEL+GLAS HAIR COMB,3,2009-12-01 10:49:00,2.1,17592.0,Vereinigtes Königreich,6.300000000000001,2009,12,1,1,10,Lebensmittel
260,489462,90209A,PURPLE ENAMEL+GLAS HAIR COMB,3,2009-12-01 10:49:00,2.1,17592.0,Vereinigtes Königreich,6.300000000000001,2009,12,1,1,10,Kleidung
261,489462,90082D,DIAMANTE BOW BROCH BLACK FARBE,2,2009-12-01 10:49:00,6.35,17592.0,Vereinigtes Königreich,12.7,2009,12,1,1,10,Lebensmittel
262,489465,21707,"FALTUNGSUMBRELLA, BLACK/BLUE SPOT",12,2009-12-01 10:52:00,4.95,13767.0,Vereinigtes Königreich,59.400000000000006,2009,12,1,1,10,Lebensmittel
263,489465,21710,FALTUNGSUMBRELLA PINK/WHITE SPOT,12,2009-12-01 10:52:00,4.95,13767.0,Vereinigtes Königreich,59.400000000000006,2009,12,1,1,10,Bücher
264,489465,21708,FALTUNGSUMBRELLA KREAM/MULTI SPOT,12,2009-12-01 10:52:00,4.95,13767.0,Vereinigtes Königreich,59.400000000000006,2009,12,1,1,10,Elektronik
265,489465,21706,"FALTUNGSUMBRELLA, RED/WHITE SPOT",12,2009-12-01 10:52:00,4.95,13767.0,Vereinigtes Königreich,59.400000000000006,2009,12,1,1,10,Haus & Küche
266,489465,21711,FALTUNGSUMBRELLA WEISS/RED SPOT,12,2009-12-01 10:52:00,4.95,13767.0,Vereinigtes Königreich,59.400000000000006,2009,12,1,1,10,Haus & Küche
267,489465,20747,PICCADILLY TEA SET,4,2009-12-01 10:52:00,14.95,13767.0,Vereinigtes Königreich,59.8,2009,12,1,1,10,Bücher
268,489465,22125,UNIONSJACK HOT WASSER FLASCHE,12,2009-12-01 10:52:00,5.95,13767.0,Vereinigtes Königreich,71.4,2009,12,1,1,10,Lebensmittel
269,489465,85123A,WEISSHÄCHTIGE INHABER DES HERZENS T-LIGHT,64,2009-12-01 10:52:00,2.55,13767.0,Vereinigtes Königreich,163.2,2009,12,1,1,10,Elektronik
270,489465,21733,RED HINGING HERZ T-LIGHT INHABER,20,2009-12-01 10:52:00,2.95,13767.0,Vereinigtes Königreich,59.0,2009,12,1,1,10,Kleidung
271,489465,20752,RETRO BLUE SPOTTY WASHING GLOVES,8,2009-12-01 10:52:00,2.1,13767.0,Vereinigtes Königreich,16.8,2009,12,1,1,10,Haus & Küche
272,489465,20753,RETRO PINK SPOT WASHING GLOVES,8,2009-12-01 10:52:00,2.1,13767.0,Vereinigtes Königreich,16.8,2009,12,1,1,10,Elektronik
273,489465,20754,RETRO RED SPOTTY WASHING GLOVES,8,2009-12-01 10:52:00,2.1,13767.0,Vereinigtes Königreich,16.8,2009,12,1,1,10,Lebensmittel
274,489465,20751,FUNKY WASHING GLOVES VERSICHERT,12,2009-12-01 10:52:00,2.1,13767.0,Vereinigtes Königreich,25.200000000000003,2009,12,1,1,10,Kleidung
275,489465,48185,TÜR MAT FAIRY CAKE,4,2009-12-01 10:52:00,6.75,13767.0,Vereinigtes Königreich,27.0,2009,12,1,1,10,Bücher
276,489465,22114,WASSERFLASCHE TEE UND SYMPATHY,12,2009-12-01 10:52:00,3.95,13767.0,Vereinigtes Königreich,47.400000000000006,2009,12,1,1,10,Elektronik
277,489465,21481,FAWN BLUE HOT WASSER FLASCHE,8,2009-12-01 10:52:00,2.95,13767.0,Vereinigtes Königreich,23.6,2009,12,1,1,10,Bücher
278,489465,85042,ANTIQUE LILY FAIRY LIGHTS,24,2009-12-01 10:52:00,4.25,13767.0,Vereinigtes Königreich,102.0,2009,12,1,1,10,Kleidung
279,489465,72760B,VINTAGE CREAM 3 BASKET CAKE STAND,4,2009-12-01 10:52:00,9.95,13767.0,Vereinigtes Königreich,39.8,2009,12,1,1,10,Bücher
280,489465,84879,VERBUNDENE FARBSTÄTIGKEIT,160,2009-12-01 10:52:00,1.45,13767.0,Vereinigtes Königreich,232.0,2009,12,1,1,10,Elektronik
282,489488,84031B,CHARLIE LOLA BLUE HOT WASSER FLASCHE,1,2009-12-01 10:59:00,4.65,17238.0,Vereinigtes Königreich,4.65,2009,12,1,1,10,Lebensmittel
283,489488,84032A,CHARLIE+LOLA PINK HOT WASSER FLASCHE,1,2009-12-01 10:59:00,2.95,17238.0,Vereinigtes Königreich,2.95,2009,12,1,1,10,Elektronik
284,489488,84032B,CHARLIE + LOLA RED HOT WASSER FLASCHE,1,2009-12-01 10:59:00,2.95,17238.0,Vereinigtes Königreich,2.95,2009,12,1,1,10,Bücher
285,489488,22125,UNIONSJACK HOT WASSER FLASCHE,2,2009-12-01 10:59:00,5.95,17238.0,Vereinigtes Königreich,11.9,2009,12,1,1,10,Haus & Küche
286,489488,21482,MUSHROOM BLUE HOT WASTER FLASCHE,2,2009-12-01 10:59:00,2.95,17238.0,Vereinigtes Königreich,5.9,2009,12,1,1,10,Elektronik
287,489488,21484,CHICK GREY HOT WASSER FLASCHE,3,2009-12-01 10:59:00,3.45,17238.0,Vereinigtes Königreich,10.350000000000001,2009,12,1,1,10,Bücher
288,489488,20967,GRIECHENLAND FELTCRAFT SHOULDER BAG,1,2009-12-01 10:59:00,3.75,17238.0,Vereinigtes Königreich,3.75,2009,12,1,1,10,Lebensmittel
289,489488,20970,PINK FLORAL FELTCRAFT SHOULDER BAG,2,2009-12-01 10:59:00,3.75,17238.0,Vereinigtes Königreich,7.5,2009,12,1,1,10,Haus & Küche
290,489488,21100,CHARLIE UND LOLA CHARLOTTE BAG,2,2009-12-01 10:59:00,1.65,17238.0,Vereinigtes Königreich,3.3,2009,12,1,1,10,Elektronik
291,489488,84582,PINK CROCHET CAT MIT SCARF,2,2009-12-01 10:59:00,4.25,17238.0,Vereinigtes Königreich,8.5,2009,12,1,1,10,Haus & Küche
292,489488,20972,PINK CREAM FELT CRAFT TRINKET BOX,3,2009-12-01 10:59:00,1.25,17238.0,Vereinigtes Königreich,3.75,2009,12,1,1,10,Bücher
293,489488,20971,PINK BLUE FELT CRAFT TRINKET BOX,1,2009-12-01 10:59:00,1.25,17238.0,Vereinigtes Königreich,1.25,2009,12,1,1,10,Haus & Küche
294,489488,84327A,PINK JUMPER LARRY DIE LAMB,2,2009-12-01 10:59:00,2.1,17238.0,Vereinigtes Königreich,4.2,2009,12,1,1,10,Lebensmittel
295,489488,22125,UNIONSJACK HOT WASSER FLASCHE,1,2009-12-01 10:59:00,5.95,17238.0,Vereinigtes Königreich,5.95,2009,12,1,1,10,Haus & Küche
296,489488,21490,SET VON DREI 50'S GIFT WRAPS,3,2009-12-01 10:59:00,1.95,17238.0,Vereinigtes Königreich,5.85,2009,12,1,1,10,Lebensmittel
297,489488,21063,TEIL ERSUCHT JAZZ HERZEN,4,2009-12-01 10:59:00,0.85,17238.0,Vereinigtes Königreich,3.4,2009,12,1,1,10,Lebensmittel
298,489488,21058,TEIL ERSUCHT WOODLAND,3,2009-12-01 10:59:00,0.85,17238.0,Vereinigtes Königreich,2.55,2009,12,1,1,10,Lebensmittel
299,489488,22086,PAPER CHAIN KIT 50'S CHRISTMAS,5,2009-12-01 10:59:00,2.95,17238.0,Vereinigtes Königreich,14.75,2009,12,1,1,10,Elektronik
300,489488,84997D,PINK 3 PIEZE MINI DOTS CUTLERY SET,4,2009-12-01 10:59:00,3.75,17238.0,Vereinigtes Königreich,15.0,2009,12,1,1,10,Elektronik
301,489488,84997C,BLUE 3 PIEZE MINI DOTS CUTLERY SET,4,2009-12-01 10:59:00,3.75,17238.0,Vereinigtes Königreich,15.0,2009,12,1,1,10,Bücher
302,489488,22301,COFFEE MUG CAT + BIRD DESIGN,2,2009-12-01 10:59:00,2.55,17238.0,Vereinigtes Königreich,5.1,2009,12,1,1,10,Haus & Küche
303,489488,22300,COFFEE MUG DOG + BALL DESIGN,3,2009-12-01 10:59:00,2.55,17238.0,Vereinigtes Königreich,7.6499999999999995,2009,12,1,1,10,Kleidung
304,489488,21493,VINTAGE DESIGN GIFT TAGS,6,2009-12-01 10:59:00,0.85,17238.0,Vereinigtes Königreich,5.1,2009,12,1,1,10,Haus & Küche
305,489488,21231,SCHWEIZART CERAMIC TRINKET BOX,4,2009-12-01 10:59:00,1.25,17238.0,Vereinigtes Königreich,5.0,2009,12,1,1,10,Kleidung
306,489488,20870,OPULENTE VELVET-KANDEL IN BOX,6,2009-12-01 10:59:00,2.1,17238.0,Vereinigtes Königreich,12.600000000000001,2009,12,1,1,10,Bücher
307,489488,90121B,VINTAGE ROSE BEAD BRACELET BLUE,4,2009-12-01 10:59:00,4.25,17238.0,Vereinigtes Königreich,17.0,2009,12,1,1,10,Elektronik
308,489488,90175A,WEISSGLAS CHUNKY CHARM BRACELET,2,2009-12-01 10:59:00,8.95,17238.0,Vereinigtes Königreich,17.9,2009,12,1,1,10,Lebensmittel
309,489488,90195B,BLACK GEMSTONE BRACELET,2,2009-12-01 10:59:00,8.95,17238.0,Vereinigtes Königreich,17.9,2009,12,1,1,10,Kleidung
310,489488,90062,KARNIVALER BRACELET,2,2009-12-01 10:59:00,12.75,17238.0,Vereinigtes Königreich,25.5,2009,12,1,1,10,Kleidung
311,489488,21930,JUMBO STORAGE BAG SKULLS,2,2009-12-01 10:59:00,1.95,17238.0,Vereinigtes Königreich,3.9,2009,12,1,1,10,Bücher
315,489505,21472,LADYBIRD + BEE RAFFIA LEBENSMITTELSEITE,6,2009-12-01 11:17:00,3.75,15712.0,Vereinigtes Königreich,22.5,2009,12,1,1,11,Haus & Küche
316,489505,85099B,JUMBO BAG RED WEISSSPOTTY,10,2009-12-01 11:17:00,1.95,15712.0,Vereinigtes Königreich,19.5,2009,12,1,1,11,Bücher
317,489505,48185,TÜR MAT FAIRY CAKE,10,2009-12-01 11:17:00,5.95,15712.0,Vereinigtes Königreich,59.5,2009,12,1,1,11,Lebensmittel
318,489505,47566B,TEA ZEITPARTIEBETREUUNG,5,2009-12-01 11:17:00,4.65,15712.0,Vereinigtes Königreich,23.25,2009,12,1,1,11,Elektronik
319,489505,21929,JUMBO BAG PINK VINTAGE PAISLEY,10,2009-12-01 11:17:00,1.95,15712.0,Vereinigtes Königreich,19.5,2009,12,1,1,11,Haus & Küche
320,489505,22139,RETRO SPOT TEA SET CERAMIC 11 PC,6,2009-12-01 11:17:00,4.95,15712.0,Vereinigtes Königreich,29.700000000000003,2009,12,1,1,11,Bücher
321,489505,22086,PAPER CHAIN KIT 50'S CHRISTMAS,6,2009-12-01 11:17:00,2.95,15712.0,Vereinigtes Königreich,17.700000000000003,2009,12,1,1,11,Haus & Küche
322,489505,22275,WOCHENEND BAG VINTAGE ROSE PAISLEY,4,2009-12-01 11:17:00,8.5,15712.0,Vereinigtes Königreich,34.0,2009,12,1,1,11,Lebensmittel
323,489505,22138,BACKUNG SET 9 PIECE RETROSPOT,3,2009-12-01 11:17:00,4.95,15712.0,Vereinigtes Königreich,14.850000000000001,2009,12,1,1,11,Elektronik
324,489505,21479,WEISSE HOLLE WASSERFLASCHE,4,2009-12-01 11:17:00,3.75,15712.0,Vereinigtes Königreich,15.0,2009,12,1,1,11,Bücher
325,489514,21791,VINTAGE HEADS UND TAILS CARD SPIEL,72,2009-12-01 11:21:00,1.06,15311.0,Vereinigtes Königreich,76.32000000000001,2009,12,1,1,11,Kleidung
326,489514,84032A,CHARLIE+LOLA PINK HOT WASSER FLASCHE,36,2009-12-01 11:21:00,2.55,15311.0,Vereinigtes Königreich,91.8,2009,12,1,1,11,Elektronik
327,489514,85042,ANTIQUE LILY FAIRY LIGHTS,24,2009-12-01 11:21:00,4.25,15311.0,Vereinigtes Königreich,102.0,2009,12,1,1,11,Bücher
328,489514,71477,FARBENGLAS. STAR T-LIGHT INHABER,24,2009-12-01 11:21:00,2.75,15311.0,Vereinigtes Königreich,66.0,2009,12,1,1,11,Bücher
329,489514,37449,CERAMIC CAKE STAND + HANGING CAKES,8,2009-12-01 11:21:00,8.5,15311.0,Vereinigtes Königreich,68.0,2009,12,1,1,11,Elektronik
330,489514,37446,MINI CAKE STAND MIT HÄNGLING CAKES,32,2009-12-01 11:21:00,1.25,15311.0,Vereinigtes Königreich,40.0,2009,12,1,1,11,Bücher
331,489514,21955,UNIONSJACK GUNS & ROSES DOORMAT,10,2009-12-01 11:21:00,5.95,15311.0,Vereinigtes Königreich,59.5,2009,12,1,1,11,Lebensmittel
332,489514,21258,VIKTORISCHE SEWING BOX LARGE,8,2009-12-01 11:21:00,10.95,15311.0,Vereinigtes Königreich,87.6,2009,12,1,1,11,Elektronik
333,489514,20892,SET/3 TALL GLAS KANDELINHABER PINK,8,2009-12-01 11:21:00,3.95,15311.0,Vereinigtes Königreich,31.6,2009,12,1,1,11,Elektronik
334,489514,47591D,PINK FAIRY CAKE CHILD'S APRON,50,2009-12-01 11:21:00,1.65,15311.0,Vereinigtes Königreich,82.5,2009,12,1,1,11,Haus & Küche
335,489514,21867,PINK UNION JACK LUGGAGE TAG,1,2009-12-01 11:21:00,1.25,15311.0,Vereinigtes Königreich,1.25,2009,12,1,1,11,Bücher
336,489514,21041,RED SPOTTY OVEN GLOVE DOUBLE,5,2009-12-01 11:21:00,2.95,15311.0,Vereinigtes Königreich,14.75,2009,12,1,1,11,Bücher
337,489514,82551,RECHTSSACHE 15C METAL SIGN,2,2009-12-01 11:21:00,1.25,15311.0,Vereinigtes Königreich,2.5,2009,12,1,1,11,Lebensmittel
338,489514,82567,"AIRLINE LOUNGE, METAL SIGN",1,2009-12-01 11:21:00,2.1,15311.0,Vereinigtes Königreich,2.1,2009,12,1,1,11,Bücher
339,489514,21161,JUNGE SCHREIEN TÜR HANGER,3,2009-12-01 11:21:00,1.45,15311.0,Vereinigtes Königreich,4.35,2009,12,1,1,11,Lebensmittel
340,489514,82613D,METAL SIGN CUPCAKE EINZELNE HOOK,2,2009-12-01 11:21:00,1.25,15311.0,Vereinigtes Königreich,2.5,2009,12,1,1,11,Lebensmittel
341,489514,21179,KEINE JUNK MAIL METAL SIGN,2,2009-12-01 11:21:00,1.25,15311.0,Vereinigtes Königreich,2.5,2009,12,1,1,11,Kleidung
342,489514,21865,PINK UNION JACK PASSPORT COVER,3,2009-12-01 11:21:00,2.1,15311.0,Vereinigtes Königreich,6.300000000000001,2009,12,1,1,11,Lebensmittel
343,489514,72783,BLACK SIL'T SQU CANDLE PLATE,2,2009-12-01 11:21:00,2.1,15311.0,Vereinigtes Königreich,4.2,2009,12,1,1,11,Bücher
344,489514,20719,WOODLAND CHARLOTTE BAG,3,2009-12-01 11:21:00,0.85,15311.0,Vereinigtes Königreich,2.55,2009,12,1,1,11,Kleidung
345,489514,21869,FLASCHENKOFFEE MUG,2,2009-12-01 11:21:00,1.25,15311.0,Vereinigtes Königreich,2.5,2009,12,1,1,11,Bücher
346,489514,21876,MÜGLICHKEITEN,2,2009-12-01 11:21:00,1.25,15311.0,Vereinigtes Königreich,2.5,2009,12,1,1,11,Bücher
347,489514,20754,RETRO RED SPOTTY WASHING GLOVES,3,2009-12-01 11:21:00,2.1,15311.0,Vereinigtes Königreich,6.300000000000001,2009,12,1,1,11,Bücher
348,489514,84849B,FAIRY SOAP SOAP INHABER,2,2009-12-01 11:21:00,1.69,15311.0,Vereinigtes Königreich,3.38,2009,12,1,1,11,Lebensmittel
349,489514,21864,UNION JACK FLAG PASSPORT COVER,5,2009-12-01 11:21:00,2.1,15311.0,Vereinigtes Königreich,10.5,2009,12,1,1,11,Elektronik
350,489514,21470,BLUMENVINE RAFFIA LEBENSMITTELSEITE,2,2009-12-01 11:21:00,3.75,15311.0,Vereinigtes Königreich,7.5,2009,12,1,1,11,Elektronik
351,489514,20897,VINTAGE HINWEIS PARIS TAGE,2,2009-12-01 11:21:00,2.95,15311.0,Vereinigtes Königreich,5.9,2009,12,1,1,11,Bücher
352,489514,44230,SQUARE MIRROR CURTAIN,1,2009-12-01 11:21:00,7.95,15311.0,Vereinigtes Königreich,7.95,2009,12,1,1,11,Kleidung
353,489514,37485,DEUTSCHE ROSE TEA SET IN GIFT BOX,2,2009-12-01 11:21:00,4.65,15311.0,Vereinigtes Königreich,9.3,2009,12,1,1,11,Haus & Küche
354,489514,84997A,GRÜNE 3 PIEZE MINI DOTS CUTLERY SET,3,2009-12-01 11:21:00,3.75,15311.0,Vereinigtes Königreich,11.25,2009,12,1,1,11,Haus & Küche
355,489514,21245,GRÜNER SPOTTY PLATZ,3,2009-12-01 11:21:00,1.69,15311.0,Vereinigtes Königreich,5.07,2009,12,1,1,11,Haus & Küche
356,489514,21241,GREEN SPOTTY CUP,3,2009-12-01 11:21:00,0.85,15311.0,Vereinigtes Königreich,2.55,2009,12,1,1,11,Haus & Küche
357,489517,21705,BAG 500g SCHWEIZSMARBELN,1,2009-12-01 11:34:00,1.65,16329.0,Vereinigtes Königreich,1.65,2009,12,1,1,11,Kleidung
358,489517,21913,VINTAGE SEASIDE JIGSAW PUZZLE,1,2009-12-01 11:34:00,3.75,16329.0,Vereinigtes Königreich,3.75,2009,12,1,1,11,Bücher
359,489517,21912,VINTAGE SNAKES & LADDERS,1,2009-12-01 11:34:00,3.75,16329.0,Vereinigtes Königreich,3.75,2009,12,1,1,11,Lebensmittel
360,489517,16207A,PINK STRAWBERRY HANDBAG,2,2009-12-01 11:34:00,2.95,16329.0,Vereinigtes Königreich,5.9,2009,12,1,1,11,Bücher
361,489517,21821,GLITTER STAR GARLAND MIT BELLS,1,2009-12-01 11:34:00,3.75,16329.0,Vereinigtes Königreich,3.75,2009,12,1,1,11,Lebensmittel
362,489517,85123A,WEISSHÄCHTIGE INHABER DES HERZENS T-LIGHT,1,2009-12-01 11:34:00,2.95,16329.0,Vereinigtes Königreich,2.95,2009,12,1,1,11,Kleidung
363,489517,22319,HAIRKLIPS FORTIES FABRIC VERSICHERT,12,2009-12-01 11:34:00,0.65,16329.0,Vereinigtes Königreich,7.800000000000001,2009,12,1,1,11,Elektronik
364,489517,22130,PARTEIENKONE CHRISTMAS DECORATION,6,2009-12-01 11:34:00,0.85,16329.0,Vereinigtes Königreich,5.1,2009,12,1,1,11,Haus & Küche
365,489517,21584,RETRO SPOT SMALL TUBE MATCHES,20,2009-12-01 11:34:00,1.65,16329.0,Vereinigtes Königreich,33.0,2009,12,1,1,11,Kleidung
366,489517,20972,PINK CREAM FELT CRAFT TRINKET BOX,1,2009-12-01 11:34:00,1.25,16329.0,Vereinigtes Königreich,1.25,2009,12,1,1,11,Kleidung
368,489517,21791,VINTAGE HEADS UND TAILS CARD SPIEL,6,2009-12-01 11:34:00,1.25,16329.0,Vereinigtes Königreich,7.5,2009,12,1,1,11,Haus & Küche
369,489517,21790,VINTAGE-SNAP-KARTEN,4,2009-12-01 11:34:00,0.85,16329.0,Vereinigtes Königreich,3.4,2009,12,1,1,11,Lebensmittel
370,489517,21931,JUMBO STORAGE BAG SUKI,1,2009-12-01 11:34:00,1.95,16329.0,Vereinigtes Königreich,1.95,2009,12,1,1,11,Kleidung
371,489517,20711,JUMBO BAG TOYS,1,2009-12-01 11:34:00,1.95,16329.0,Vereinigtes Königreich,1.95,2009,12,1,1,11,Bücher
372,489517,47591A,CAROUSEL DES CHILD'S APRON,1,2009-12-01 11:34:00,1.65,16329.0,Vereinigtes Königreich,1.65,2009,12,1,1,11,Elektronik
373,489517,84997B,RED 3 PIEZE MINI DOTS CUTLERY SET,12,2009-12-01 11:34:00,3.75,16329.0,Vereinigtes Königreich,45.0,2009,12,1,1,11,Kleidung
374,489517,84997A,GRÜNE 3 PIEZE MINI DOTS CUTLERY SET,12,2009-12-01 11:34:00,3.75,16329.0,Vereinigtes Königreich,45.0,2009,12,1,1,11,Haus & Küche
375,489517,21491,SET von DREI VINTAGE GIFT WRAPS,1,2009-12-01 11:34:00,1.95,16329.0,Vereinigtes Königreich,1.95,2009,12,1,1,11,Kleidung
376,489517,22122,SET von 2 FANCY FONT TEA TOWELS,12,2009-12-01 11:34:00,2.95,16329.0,Vereinigtes Königreich,35.400000000000006,2009,12,1,1,11,Bücher
377,489517,20971,PINK BLUE FELT CRAFT TRINKET BOX,1,2009-12-01 11:34:00,1.25,16329.0,Vereinigtes Königreich,1.25,2009,12,1,1,11,Bücher
378,489517,21252,SET VON MEADOW FLOWER STICKERS,1,2009-12-01 11:34:00,2.95,16329.0,Vereinigtes Königreich,2.95,2009,12,1,1,11,Elektronik
383,489517,21837,KREDITSTITCH ALPHABET KUSHION COVER,2,2009-12-01 11:34:00,5.95,16329.0,Vereinigtes Königreich,11.9,2009,12,1,1,11,Haus & Küche
384,489517,84951A,S/4 PISTACHIO LOVEBIRD COASTERS,1,2009-12-01 11:34:00,2.55,16329.0,Vereinigtes Königreich,2.55,2009,12,1,1,11,Lebensmittel
385,489517,22335,HERZENTWICKLUNG GEZEICHNET ZINC,1,2009-12-01 11:34:00,0.65,16329.0,Vereinigtes Königreich,0.65,2009,12,1,1,11,Kleidung
388,489517,21791,VINTAGE HEADS UND TAILS CARD SPIEL,1,2009-12-01 11:34:00,1.25,16329.0,Vereinigtes Königreich,1.25,2009,12,1,1,11,Kleidung
389,489517,21790,VINTAGE-SNAP-KARTEN,1,2009-12-01 11:34:00,0.85,16329.0,Vereinigtes Königreich,0.85,2009,12,1,1,11,Haus & Küche
391,489517,85129A,"WEISSBETRIEBE HERZ, KLEIN",1,2009-12-01 11:34:00,1.25,16329.0,Vereinigtes Königreich,1.25,2009,12,1,1,11,Haus & Küche
392,489517,84791,GINGHAM HERZDEKORATION,1,2009-12-01 11:34:00,2.95,16329.0,Vereinigtes Königreich,2.95,2009,12,1,1,11,Bücher
393,489517,21244,BLUE SPOTTY PLATE,4,2009-12-01 11:34:00,1.69,16329.0,Vereinigtes Königreich,6.76,2009,12,1,1,11,Kleidung
394,489517,20675,BLUE SPOTTY BOWL,4,2009-12-01 11:34:00,1.25,16329.0,Vereinigtes Königreich,5.0,2009,12,1,1,11,Lebensmittel
398,489519,22086,PAPER CHAIN KIT 50'S CHRISTMAS,12,2009-12-01 11:37:00,2.95,17700.0,Vereinigtes Königreich,35.400000000000006,2009,12,1,1,11,Kleidung
399,489519,85123A,WEISSHÄCHTIGE INHABER DES HERZENS T-LIGHT,32,2009-12-01 11:37:00,2.55,17700.0,Vereinigtes Königreich,81.6,2009,12,1,1,11,Kleidung
400,489519,82616B,FRAPPUCINO SCARF KNITTING KIT,6,2009-12-01 11:37:00,2.95,17700.0,Vereinigtes Königreich,17.700000000000003,2009,12,1,1,11,Bücher
401,489519,22276,WASH BAG VINTAGE ROSE PAISLEY,6,2009-12-01 11:37:00,2.55,17700.0,Vereinigtes Königreich,15.299999999999999,2009,12,1,1,11,Elektronik
402,489519,84912B,GRÜNE ROSE WASHBAG,4,2009-12-01 11:37:00,3.75,17700.0,Vereinigtes Königreich,15.0,2009,12,1,1,11,Elektronik
403,489519,85014C,BLUE/BROWN DOTS RUFFLED UMBRELLA,3,2009-12-01 11:37:00,5.95,17700.0,Vereinigtes Königreich,17.85,2009,12,1,1,11,Bücher
404,489519,85014A,BLACK/BLUE DOTS RUFFLED UMBRELLA,3,2009-12-01 11:37:00,5.95,17700.0,Vereinigtes Königreich,17.85,2009,12,1,1,11,Lebensmittel
405,489519,85014B,RED/WHITE DOTS RUFFLED UMBRELLA,3,2009-12-01 11:37:00,5.95,17700.0,Vereinigtes Königreich,17.85,2009,12,1,1,11,Haus & Küche
406,489519,85014D,PINK/BROWN DOTS RUFFLED UMBRELLA,3,2009-12-01 11:37:00,5.95,17700.0,Vereinigtes Königreich,17.85,2009,12,1,1,11,Elektronik
407,489519,21326,INHABER DER GEBLEICHTEN GLASBILDER T-LIGHT,12,2009-12-01 11:37:00,0.65,17700.0,Vereinigtes Königreich,7.800000000000001,2009,12,1,1,11,Haus & Küche
408,489519,84946,ANTIQUE SILVER TEA GLAS ETCHED,12,2009-12-01 11:37:00,1.25,17700.0,Vereinigtes Königreich,15.0,2009,12,1,1,11,Haus & Küche
409,489519,84949,SILVER HINGING T-LIGHT INHABER,6,2009-12-01 11:37:00,1.65,17700.0,Vereinigtes Königreich,9.899999999999999,2009,12,1,1,11,Kleidung
410,489519,21491,SET von DREI VINTAGE GIFT WRAPS,6,2009-12-01 11:37:00,1.95,17700.0,Vereinigtes Königreich,11.7,2009,12,1,1,11,Lebensmittel
411,489519,21908,CHOCOLIEREN SIE DIESES WEG METALSIGN,6,2009-12-01 11:37:00,2.1,17700.0,Vereinigtes Königreich,12.600000000000001,2009,12,1,1,11,Lebensmittel
412,489519,21181,BITTE EINE PERSÖNLICHE METAL SIGN,6,2009-12-01 11:37:00,2.1,17700.0,Vereinigtes Königreich,12.600000000000001,2009,12,1,1,11,Elektronik
413,489519,82483,WOOD 2 DRAWER CABINET WEISSFÖRDERUNG,3,2009-12-01 11:37:00,5.95,17700.0,Vereinigtes Königreich,17.85,2009,12,1,1,11,Lebensmittel
414,489519,79323S,SILVERKHERRY LIGHTS,4,2009-12-01 11:37:00,6.75,17700.0,Vereinigtes Königreich,27.0,2009,12,1,1,11,Haus & Küche
415,489519,21371,MIRRORED WALL ART POPPIES,6,2009-12-01 11:37:00,2.55,17700.0,Vereinigtes Königreich,15.299999999999999,2009,12,1,1,11,Haus & Küche
416,489519,85152,HAND ÜBER DIE CHOKOLATISCHE SIGNE,6,2009-12-01 11:37:00,2.1,17700.0,Vereinigtes Königreich,12.600000000000001,2009,12,1,1,11,Elektronik
417,489519,21133,GEZEICHNETE BIRD VERBUNDENE CHRISTMAS,12,2009-12-01 11:37:00,1.69,17700.0,Vereinigtes Königreich,20.28,2009,12,1,1,11,Bücher
418,489519,20984,12 PENCILS ALLE STÜCKSTOFFE,12,2009-12-01 11:37:00,0.85,17700.0,Vereinigtes Königreich,10.2,2009,12,1,1,11,Elektronik
419,489519,20982,12 PENCILS ALLE STÜCKSTÜCKSTÜCKE,12,2009-12-01 11:37:00,0.85,17700.0,Vereinigtes Königreich,10.2,2009,12,1,1,11,Lebensmittel
420,489519,84971L,GARTE HERZ BLUMEN HOOK,12,2009-12-01 11:37:00,1.25,17700.0,Vereinigtes Königreich,15.0,2009,12,1,1,11,Bücher
421,489519,21912,VINTAGE SNAKES & LADDERS,8,2009-12-01 11:37:00,3.75,17700.0,Vereinigtes Königreich,30.0,2009,12,1,1,11,Bücher
422,489519,90168,2 DAISIES HAIR COMB,6,2009-12-01 11:37:00,2.95,17700.0,Vereinigtes Königreich,17.700000000000003,2009,12,1,1,11,Bücher
423,489519,84884A,ANT WHITE WIRE HERZSPIRAL,5,2009-12-01 11:37:00,3.95,17700.0,Vereinigtes Königreich,19.75,2009,12,1,1,11,Lebensmittel
424,489519,79323W,WEISSKHERRY LICHTS,4,2009-12-01 11:37:00,6.75,17700.0,Vereinigtes Königreich,27.0,2009,12,1,1,11,Bücher
425,489519,90013C,GRÜNE VINTAGE EARRINGS,4,2009-12-01 11:37:00,3.75,17700.0,Vereinigtes Königreich,15.0,2009,12,1,1,11,Bücher
426,489519,90023,FILIGREE DIAMANTE EARRINGS,2,2009-12-01 11:37:00,4.25,17700.0,Vereinigtes Königreich,8.5,2009,12,1,1,11,Lebensmittel
427,489519,90067A,VIKTORISCHE FRÜHLINGE DER PINK-VINTAGE,6,2009-12-01 11:37:00,2.95,17700.0,Vereinigtes Königreich,17.700000000000003,2009,12,1,1,11,Haus & Küche
428,489519,90067B,VIKTORISCHE ERZIEHUNGEN FÜR WACHSTUMSVINTAGE,6,2009-12-01 11:37:00,2.95,17700.0,Vereinigtes Königreich,17.700000000000003,2009,12,1,1,11,Haus & Küche
429,489519,90145,SILVER HOOP EARRINGS MIT FLOWER,2,2009-12-01 11:37:00,5.95,17700.0,Vereinigtes Königreich,11.9,2009,12,1,1,11,Elektronik
430,489519,90000A,RASPBERRY ANT COPPER FLOWER NECKLAC,2,2009-12-01 11:37:00,5.95,17700.0,Vereinigtes Königreich,11.9,2009,12,1,1,11,Kleidung
431,489519,90024B,NEW BAROQUE B'FLY NECKLACE RED,2,2009-12-01 11:37:00,8.5,17700.0,Vereinigtes Königreich,17.0,2009,12,1,1,11,Bücher
432,489519,90036D,"BLUMENGLAS GARLAND NECKL.36""BLACK",3,2009-12-01 11:37:00,7.95,17700.0,Vereinigtes Königreich,23.85,2009,12,1,1,11,Lebensmittel
433,489519,90134,ALTE ROSE KOMBO BEAD NECKLACE,6,2009-12-01 11:37:00,2.95,17700.0,Vereinigtes Königreich,17.700000000000003,2009,12,1,1,11,Haus & Küche
434,489519,90131,PINK/AMETHYST/GOLD NECKLACE,2,2009-12-01 11:37:00,6.95,17700.0,Vereinigtes Königreich,13.9,2009,12,1,1,11,Kleidung
435,489519,90199C,5 STRANDGLAS NECKLACKRYSTAL,2,2009-12-01 11:37:00,6.35,17700.0,Vereinigtes Königreich,12.7,2009,12,1,1,11,Lebensmittel
436,489520,35751C,ZUSAMMENFASSUNG DES LAUFENDEN KANDELRINGS,12,2009-12-01 11:41:00,0.75,14911.0,Irland,9.0,2009,12,1,1,11,Lebensmittel
437,489520,72739B,WEISSKOKOLATISCHE KANDEL,12,2009-12-01 11:41:00,1.25,14911.0,Irland,15.0,2009,12,1,1,11,Elektronik
438,489520,22114,WASSERFLASCHE TEE UND SYMPATHY,8,2009-12-01 11:41:00,3.95,14911.0,Irland,31.6,2009,12,1,1,11,Haus & Küche
439,489520,22212,VIER HOOK WEISSE LOVEBIRDS,6,2009-12-01 11:41:00,2.1,14911.0,Irland,12.600000000000001,2009,12,1,1,11,Haus & Küche
440,489520,21523,FANCY FONT HOME SWEET HOME DOORMAT,2,2009-12-01 11:41:00,6.75,14911.0,Irland,13.5,2009,12,1,1,11,Haus & Küche
441,489520,48187,DOOR MAT NEW ENGLAND,2,2009-12-01 11:41:00,6.75,14911.0,Irland,13.5,2009,12,1,1,11,Kleidung
442,489520,48195,TÜR MAT GREEN PAISLEY,2,2009-12-01 11:41:00,6.75,14911.0,Irland,13.5,2009,12,1,1,11,Elektronik
443,489520,72741,GROSSHERZOGENECOLATECANDLE,36,2009-12-01 11:41:00,1.45,14911.0,Irland,52.199999999999996,2009,12,1,1,11,Kleidung
444,489520,85232D,SET/3 DECOUPAGE STACKING TINS,3,2009-12-01 11:41:00,4.95,14911.0,Irland,14.850000000000001,2009,12,1,1,11,Elektronik
445,489520,20828,GLITTER BUTTERFLY KLIPPS,6,2009-12-01 11:41:00,2.55,14911.0,Irland,15.299999999999999,2009,12,1,1,11,Lebensmittel
446,489520,22080,RIBBON REEL SPOTS DESIGN,10,2009-12-01 11:41:00,1.65,14911.0,Irland,16.5,2009,12,1,1,11,Lebensmittel
447,489520,22082,RIBBON REEL STREIFEN DESIGN,10,2009-12-01 11:41:00,1.65,14911.0,Irland,16.5,2009,12,1,1,11,Elektronik
448,489520,21754,ZUHAUSE GEBÄUDE BLOCK WORT,6,2009-12-01 11:41:00,5.95,14911.0,Irland,35.7,2009,12,1,1,11,Bücher
449,489520,21784,SHOE SHINE BOX,4,2009-12-01 11:41:00,9.95,14911.0,Irland,39.8,2009,12,1,1,11,Bücher
450,489520,21172,TEIL METAL SIGN,12,2009-12-01 11:41:00,1.45,14911.0,Irland,17.4,2009,12,1,1,11,Lebensmittel
451,489520,21181,BITTE EINE PERSÖNLICHE METAL SIGN,6,2009-12-01 11:41:00,2.1,14911.0,Irland,12.600000000000001,2009,12,1,1,11,Kleidung
452,489520,82600,NICHT SINGEN METAL SIGN,12,2009-12-01 11:41:00,2.1,14911.0,Irland,25.200000000000003,2009,12,1,1,11,Bücher
453,489520,22282,12 EGG-HAUS GEZEICHNETES WOHL,4,2009-12-01 11:41:00,12.75,14911.0,Irland,51.0,2009,12,1,1,11,Kleidung
454,489520,21842,PINK HERZ KÖNNEN BUTTON BERECHNER,54,2009-12-01 11:41:00,2.55,14911.0,Irland,137.7,2009,12,1,1,11,Haus & Küche
455,489520,22089,PAPIERBÜNTIGUNGSVINTAGE,6,2009-12-01 11:41:00,2.95,14911.0,Irland,17.700000000000003,2009,12,1,1,11,Lebensmittel
456,489520,21430,SET/3 RED GINGHAM ROSE STORAGE BOX,4,2009-12-01 11:41:00,3.75,14911.0,Irland,15.0,2009,12,1,1,11,Kleidung
457,489520,20734,SILVER MINI TAPE MASSNAHME,10,2009-12-01 11:41:00,0.85,14911.0,Irland,8.5,2009,12,1,1,11,Haus & Küche
458,489520,21133,GEZEICHNETE BIRD VERBUNDENE CHRISTMAS,12,2009-12-01 11:41:00,1.69,14911.0,Irland,20.28,2009,12,1,1,11,Lebensmittel
459,489520,35071,VEREINIGTE SANTA CHRISTMAS-ENTWICKLUNG,12,2009-12-01 11:41:00,0.85,14911.0,Irland,10.2,2009,12,1,1,11,Kleidung
460,489520,22083,PAPER CHAIN KIT RETRO SPOT,6,2009-12-01 11:41:00,2.95,14911.0,Irland,17.700000000000003,2009,12,1,1,11,Elektronik
461,489520,22086,PAPER CHAIN KIT 50'S CHRISTMAS,6,2009-12-01 11:41:00,2.95,14911.0,Irland,17.700000000000003,2009,12,1,1,11,Lebensmittel
462,489520,22121,NOEL WOODEN BLOCK LETTERS,3,2009-12-01 11:41:00,5.95,14911.0,Irland,17.85,2009,12,1,1,11,Bücher
463,489520,21485,RED SPOT HERZ HOT WASSER FLASCHE,3,2009-12-01 11:41:00,4.95,14911.0,Irland,14.850000000000001,2009,12,1,1,11,Elektronik
464,489520,84836,ZINC METAL HERZDEKORATION,12,2009-12-01 11:41:00,1.25,14911.0,Irland,15.0,2009,12,1,1,11,Bücher
465,489520,22122,SET von 2 FANCY FONT TEA TOWELS,12,2009-12-01 11:41:00,2.95,14911.0,Irland,35.400000000000006,2009,12,1,1,11,Elektronik
466,489522,21916,SET 12 RETRO WHITE CHALK STICKS,3,2009-12-01 11:45:00,0.42,15998.0,Vereinigtes Königreich,1.26,2009,12,1,1,11,Elektronik
467,489522,72760B,VINTAGE CREAM 3 BASKET CAKE STAND,1,2009-12-01 11:45:00,9.95,15998.0,Vereinigtes Königreich,9.95,2009,12,1,1,11,Haus & Küche
468,489522,37492A,JELLOW RED FLOWER PIGGY BANK,1,2009-12-01 11:45:00,4.65,15998.0,Vereinigtes Königreich,4.65,2009,12,1,1,11,Bücher
469,489522,21479,WEISSE HOLLE WASSERFLASCHE,2,2009-12-01 11:45:00,3.75,15998.0,Vereinigtes Königreich,7.5,2009,12,1,1,11,Lebensmittel
470,489522,10133,FARBSTOFFE FÜR DIE BRENNSTÜCKE,6,2009-12-01 11:45:00,0.85,15998.0,Vereinigtes Königreich,5.1,2009,12,1,1,11,Elektronik
471,489522,22113,GREY HERZ HOT WASSER FLASCHE,4,2009-12-01 11:45:00,3.45,15998.0,Vereinigtes Königreich,13.8,2009,12,1,1,11,Elektronik
472,489522,20782,KAMOUFLAGE EAR Muff HEADPHONES,1,2009-12-01 11:45:00,5.49,15998.0,Vereinigtes Königreich,5.49,2009,12,1,1,11,Kleidung
473,489522,22190,LOCAL CAFE MUG,1,2009-12-01 11:45:00,2.1,15998.0,Vereinigtes Königreich,2.1,2009,12,1,1,11,Kleidung
474,489522,22111,SCOTTIE DOG HOT WASSER FLASCHE,2,2009-12-01 11:45:00,4.95,15998.0,Vereinigtes Königreich,9.9,2009,12,1,1,11,Bücher
475,489522,84029G,AUSGEWÄHLTE UNIONSFLAG HOT WASSER FLASCHE,1,2009-12-01 11:45:00,3.75,15998.0,Vereinigtes Königreich,3.75,2009,12,1,1,11,Lebensmittel
476,489522,22114,WASSERFLASCHE TEE UND SYMPATHY,1,2009-12-01 11:45:00,3.95,15998.0,Vereinigtes Königreich,3.95,2009,12,1,1,11,Lebensmittel
477,489522,21489,BLUE WEISSKARBE HOT WASSER FLASCHE,1,2009-12-01 11:45:00,3.95,15998.0,Vereinigtes Königreich,3.95,2009,12,1,1,11,Elektronik
478,489522,20987,GEISHA GIRL CHOPSTICKS SET/5,6,2009-12-01 11:45:00,1.95,15998.0,Vereinigtes Königreich,11.7,2009,12,1,1,11,Bücher
479,489522,20989,URBAN CHIC CHOPSTICKS SET/5,2,2009-12-01 11:45:00,1.95,15998.0,Vereinigtes Königreich,3.9,2009,12,1,1,11,Bücher
480,489522,21868,FLASCHENGEWÄHRTE TEA MUG,1,2009-12-01 11:45:00,1.25,15998.0,Vereinigtes Königreich,1.25,2009,12,1,1,11,Bücher
481,489522,21875,KÖNIGLICHE WAHLMÖGLICHKEIT,1,2009-12-01 11:45:00,1.25,15998.0,Vereinigtes Königreich,1.25,2009,12,1,1,11,Haus & Küche
482,489522,21869,FLASCHENKOFFEE MUG,1,2009-12-01 11:45:00,1.25,15998.0,Vereinigtes Königreich,1.25,2009,12,1,1,11,Haus & Küche
483,489522,21826,ACHTPIEZE DINOSAUR SET,3,2009-12-01 11:45:00,1.25,15998.0,Vereinigtes Königreich,3.75,2009,12,1,1,11,Elektronik
484,489522,21827,ACHTPIEZE CREEpy CRAWLIE SET,3,2009-12-01 11:45:00,1.25,15998.0,Vereinigtes Königreich,3.75,2009,12,1,1,11,Bücher
485,489522,21828,ACHTPIEZE SNAKE SET,3,2009-12-01 11:45:00,1.25,15998.0,Vereinigtes Königreich,3.75,2009,12,1,1,11,Lebensmittel
486,489522,16225,SCHNELLENSCHNELLEN-EGGS,4,2009-12-01 11:45:00,1.25,15998.0,Vereinigtes Königreich,5.0,2009,12,1,1,11,Haus & Küche
487,489522,21829,TINOSAUR-KEYRINGS VERSICHERT,36,2009-12-01 11:45:00,0.21,15998.0,Vereinigtes Königreich,7.56,2009,12,1,1,11,Lebensmittel
488,489522,21582,KÖNIGLICHKEIT KLEINE TÜBE MATCHEN,2,2009-12-01 11:45:00,1.65,15998.0,Vereinigtes Königreich,3.3,2009,12,1,1,11,Haus & Küche
489,489522,21584,RETRO SPOT SMALL TUBE MATCHES,2,2009-12-01 11:45:00,1.65,15998.0,Vereinigtes Königreich,3.3,2009,12,1,1,11,Haus & Küche
490,489522,21638,ANMERKUNG DER VEREINIGTEN TUTTI-FRUTTI,6,2009-12-01 11:45:00,2.1,15998.0,Vereinigtes Königreich,12.600000000000001,2009,12,1,1,11,Haus & Küche
491,489522,35400,WOODEN BOX ADVENT CALENDER,2,2009-12-01 11:45:00,8.95,15998.0,Vereinigtes Königreich,17.9,2009,12,1,1,11,Kleidung
492,489522,22218,KAKE STAND LACE WEISSE,1,2009-12-01 11:45:00,4.25,15998.0,Vereinigtes Königreich,4.25,2009,12,1,1,11,Kleidung
493,489522,22222,PLATE LOVEBIRD WHITE EINBEZIEHEN,1,2009-12-01 11:45:00,4.95,15998.0,Vereinigtes Königreich,4.95,2009,12,1,1,11,Kleidung
494,489522,22300,COFFEE MUG DOG + BALL DESIGN,3,2009-12-01 11:45:00,2.55,15998.0,Vereinigtes Königreich,7.6499999999999995,2009,12,1,1,11,Haus & Küche
495,489522,22301,COFFEE MUG CAT + BIRD DESIGN,3,2009-12-01 11:45:00,2.55,15998.0,Vereinigtes Königreich,7.6499999999999995,2009,12,1,1,11,Bücher
496,489522,22305,COFFEE MUG PINK PAISLEY DESIGN,3,2009-12-01 11:45:00,2.55,15998.0,Vereinigtes Königreich,7.6499999999999995,2009,12,1,1,11,Elektronik
497,489522,22304,COFFEE MUG BLUE PAISLEY DESIGN,3,2009-12-01 11:45:00,2.55,15998.0,Vereinigtes Königreich,7.6499999999999995,2009,12,1,1,11,Lebensmittel
498,489522,22302,COFFEE MUG PEARS DESIGN,3,2009-12-01 11:45:00,2.55,15998.0,Vereinigtes Königreich,7.6499999999999995,2009,12,1,1,11,Elektronik
499,489522,22303,KOFFEE MUG APPLES DESIGN,3,2009-12-01 11:45:00,2.55,15998.0,Vereinigtes Königreich,7.6499999999999995,2009,12,1,1,11,Lebensmittel
500,489522,22127,BETROFFENE PARTEIEN,6,2009-12-01 11:45:00,1.25,15998.0,Vereinigtes Königreich,7.5,2009,12,1,1,11,Bücher
501,489522,22130,PARTEIENKONE CHRISTMAS DECORATION,24,2009-12-01 11:45:00,0.85,15998.0,Vereinigtes Königreich,20.4,2009,12,1,1,11,Haus & Küche
502,489522,21143,ANTIQUE GLAS HERZDEKORATION,7,2009-12-01 11:45:00,1.95,15998.0,Vereinigtes Königreich,13.65,2009,12,1,1,11,Lebensmittel
503,489522,21639,VEREINIGTE TUTTI-FRUTTI-KEYRING,10,2009-12-01 11:45:00,0.85,15998.0,Vereinigtes Königreich,8.5,2009,12,1,1,11,Haus & Küche
504,489522,22154,ANGEL DECORATION 3 BUTTONS,6,2009-12-01 11:45:00,0.42,15998.0,Vereinigtes Königreich,2.52,2009,12,1,1,11,Haus & Küche
505,489522,22155,STAR DECORATION RUSTIC,6,2009-12-01 11:45:00,0.42,15998.0,Vereinigtes Königreich,2.52,2009,12,1,1,11,Lebensmittel
506,489522,22294,HERZFILIGREICH ENTDECKEN KLEIN,6,2009-12-01 11:45:00,1.25,15998.0,Vereinigtes Königreich,7.5,2009,12,1,1,11,Haus & Küche
507,489522,21133,GEZEICHNETE BIRD VERBUNDENE CHRISTMAS,6,2009-12-01 11:45:00,1.69,15998.0,Vereinigtes Königreich,10.14,2009,12,1,1,11,Haus & Küche
508,489522,21889,WARENBOX VON DOMINOS,2,2009-12-01 11:45:00,1.25,15998.0,Vereinigtes Königreich,2.5,2009,12,1,1,11,Elektronik
509,489522,85045,GRÜNE CHRISTMAS TREE STRING 20LIGHT,2,2009-12-01 11:45:00,4.95,15998.0,Vereinigtes Königreich,9.9,2009,12,1,1,11,Kleidung
510,489522,85044,RED REINDEER STRING VON 20 LICHTEN,2,2009-12-01 11:45:00,4.95,15998.0,Vereinigtes Königreich,9.9,2009,12,1,1,11,Kleidung
511,489522,21888,BINGO SET,3,2009-12-01 11:45:00,3.75,15998.0,Vereinigtes Königreich,11.25,2009,12,1,1,11,Kleidung
512,489522,21587,COSY STUNDEN GILANT TUBE MATCHES,6,2009-12-01 11:45:00,2.55,15998.0,Vereinigtes Königreich,15.299999999999999,2009,12,1,1,11,Kleidung
513,489522,21588,RETRO SPOT GIANT TUBE MATCHES,2,2009-12-01 11:45:00,2.55,15998.0,Vereinigtes Königreich,5.1,2009,12,1,1,11,Elektronik
514,489522,21586,KÖNIGLICHE,4,2009-12-01 11:45:00,2.55,15998.0,Vereinigtes Königreich,10.2,2009,12,1,1,11,Lebensmittel
515,489522,21818,GLITTER CHRISTMAS HERZ,6,2009-12-01 11:45:00,0.85,15998.0,Vereinigtes Königreich,5.1,2009,12,1,1,11,Kleidung
516,489522,21819,GLITTER CHRISTMAS STAR,6,2009-12-01 11:45:00,0.85,15998.0,Vereinigtes Königreich,5.1,2009,12,1,1,11,Elektronik
517,489522,21817,GLITTER CHRISTMAS TREE,6,2009-12-01 11:45:00,0.85,15998.0,Vereinigtes Königreich,5.1,2009,12,1,1,11,Lebensmittel
518,489522,48111,TÜR MAT 3 SMILEY CATS,1,2009-12-01 11:45:00,6.75,15998.0,Vereinigtes Königreich,6.75,2009,12,1,1,11,Bücher
519,489522,20685,RED SPOTTY COIR DOORMAT,1,2009-12-01 11:45:00,6.75,15998.0,Vereinigtes Königreich,6.75,2009,12,1,1,11,Lebensmittel
520,489522,48194,TÜRMATISCHE HERZEN,1,2009-12-01 11:45:00,6.75,15998.0,Vereinigtes Königreich,6.75,2009,12,1,1,11,Bücher
521,489522,21495,SCHLÜSSELSCHLÜSSEL,25,2009-12-01 11:45:00,0.42,15998.0,Vereinigtes Königreich,10.5,2009,12,1,1,11,Elektronik
522,489522,47505,VERSCHIEDENE GESELLSCHAFTEN,2,2009-12-01 11:45:00,4.95,15998.0,Vereinigtes Königreich,9.9,2009,12,1,1,11,Haus & Küche
523,489522,10135,FARBSTOFFE FÜR DIE BRENNSTÜCKE,6,2009-12-01 11:45:00,1.25,15998.0,Vereinigtes Königreich,7.5,2009,12,1,1,11,Bücher
524,489522,22125,UNIONSJACK HOT WASSER FLASCHE,4,2009-12-01 11:45:00,5.95,15998.0,Vereinigtes Königreich,23.8,2009,12,1,1,11,Elektronik
525,489522,37492C,GREEN BLUE FLOWER PIGGY BANK,1,2009-12-01 11:45:00,4.65,15998.0,Vereinigtes Königreich,4.65,2009,12,1,1,11,Elektronik
526,489522,20677,PINK SPOTTY BOWL,1,2009-12-01 11:45:00,1.25,15998.0,Vereinigtes Königreich,1.25,2009,12,1,1,11,Haus & Küche
527,489522,20676,RED SPOTTY BOWL,1,2009-12-01 11:45:00,1.25,15998.0,Vereinigtes Königreich,1.25,2009,12,1,1,11,Lebensmittel
528,489522,20675,BLUE SPOTTY BOWL,1,2009-12-01 11:45:00,1.25,15998.0,Vereinigtes Königreich,1.25,2009,12,1,1,11,Elektronik
529,489522,21086,SET/6 RED SPOTTY PAPER CUPS,8,2009-12-01 11:45:00,0.65,15998.0,Vereinigtes Königreich,5.2,2009,12,1,1,11,Haus & Küche
530,489522,21948,SET von 6 KAKE CHOPSTICKS,6,2009-12-01 11:45:00,1.25,15998.0,Vereinigtes Königreich,7.5,2009,12,1,1,11,Bücher
531,489522,21833,CAMOUFLAGE LED TORCH,12,2009-12-01 11:45:00,1.69,15998.0,Vereinigtes Königreich,20.28,2009,12,1,1,11,Elektronik
532,489522,21832,CHOCOLATISCHER BERECHNER,5,2009-12-01 11:45:00,1.65,15998.0,Vereinigtes Königreich,8.25,2009,12,1,1,11,Kleidung
533,489522,22315,200 RED + WHITE BENDY STRAWS,1,2009-12-01 11:45:00,1.25,15998.0,Vereinigtes Königreich,1.25,2009,12,1,1,11,Bücher
534,489522,21870,Ich kann nur eine Person ärgern.,1,2009-12-01 11:45:00,1.25,15998.0,Vereinigtes Königreich,1.25,2009,12,1,1,11,Elektronik
535,489522,82600,NICHT SINGEN METAL SIGN,1,2009-12-01 11:45:00,2.1,15998.0,Vereinigtes Königreich,2.1,2009,12,1,1,11,Haus & Küche
536,489522,21181,BITTE EINE PERSÖNLICHE METAL SIGN,2,2009-12-01 11:45:00,2.1,15998.0,Vereinigtes Königreich,4.2,2009,12,1,1,11,Elektronik
537,489522,22115,METAL SIGN EMPIRE TEA,1,2009-12-01 11:45:00,2.95,15998.0,Vereinigtes Königreich,2.95,2009,12,1,1,11,Bücher
538,489522,21166,KÜCHEN MIT WEINMETALLSIGN,2,2009-12-01 11:45:00,1.95,15998.0,Vereinigtes Königreich,3.9,2009,12,1,1,11,Bücher
539,489522,21175,GIN + TONIC DIET METAL SIGN,2,2009-12-01 11:45:00,2.1,15998.0,Vereinigtes Königreich,4.2,2009,12,1,1,11,Lebensmittel
540,489522,21174,BESCHWERDE IN DER SHED METAL SIGN,1,2009-12-01 11:45:00,1.95,15998.0,Vereinigtes Königreich,1.95,2009,12,1,1,11,Bücher
541,489522,21908,CHOCOLIEREN SIE DIESES WEG METALSIGN,3,2009-12-01 11:45:00,2.1,15998.0,Vereinigtes Königreich,6.300000000000001,2009,12,1,1,11,Bücher
542,489522,82582,GESAMTBESCHEINIGTE METALSIGNE,1,2009-12-01 11:45:00,2.1,15998.0,Vereinigtes Königreich,2.1,2009,12,1,1,11,Haus & Küche
543,489522,85152,HAND ÜBER DIE CHOKOLATISCHE SIGNE,2,2009-12-01 11:45:00,2.1,15998.0,Vereinigtes Königreich,4.2,2009,12,1,1,11,Kleidung
544,489522,85150,LADIEN UND GENTLEMEN METAL SIGN,1,2009-12-01 11:45:00,2.55,15998.0,Vereinigtes Königreich,2.55,2009,12,1,1,11,Kleidung
545,489522,22197,"POPCORN INHABER, KLEIN",10,2009-12-01 11:45:00,0.85,15998.0,Vereinigtes Königreich,8.5,2009,12,1,1,11,Lebensmittel
546,489522,21094,SET/6 RED SPOTTY PAPIERPLATTEN,4,2009-12-01 11:45:00,0.85,15998.0,Vereinigtes Königreich,3.4,2009,12,1,1,11,Elektronik
547,489522,72724,SET/6 CHRISTMAS ICICLE T-LIGHT,7,2009-12-01 11:45:00,1.25,15998.0,Vereinigtes Königreich,8.75,2009,12,1,1,11,Elektronik
548,489522,22103,MIRROR MOSAIC T-LIGHT INHABER RUND,6,2009-12-01 11:45:00,1.65,15998.0,Vereinigtes Königreich,9.899999999999999,2009,12,1,1,11,Bücher
549,489522,37424,WEISS MIT BLACK CATS MUG,6,2009-12-01 11:45:00,0.85,15998.0,Vereinigtes Königreich,5.1,2009,12,1,1,11,Bücher
550,489522,21136,GEBLEICHTE METALPARTEIEN,8,2009-12-01 11:45:00,1.69,15998.0,Vereinigtes Königreich,13.52,2009,12,1,1,11,Elektronik
551,489522,21755,"LIEBE, DIE BLOCK WORT BEBAUT",1,2009-12-01 11:45:00,5.95,15998.0,Vereinigtes Königreich,5.95,2009,12,1,1,11,Lebensmittel
552,489522,84879,VERBUNDENE FARBSTÄTIGKEIT,8,2009-12-01 11:45:00,1.69,15998.0,Vereinigtes Königreich,13.52,2009,12,1,1,11,Kleidung
553,489522,84997B,RED 3 PIEZE MINI DOTS CUTLERY SET,1,2009-12-01 11:45:00,3.75,15998.0,Vereinigtes Königreich,3.75,2009,12,1,1,11,Bücher
554,489522,84997D,PINK 3 PIEZE MINI DOTS CUTLERY SET,1,2009-12-01 11:45:00,3.75,15998.0,Vereinigtes Königreich,3.75,2009,12,1,1,11,Bücher
555,489522,84997C,BLUE 3 PIEZE MINI DOTS CUTLERY SET,1,2009-12-01 11:45:00,3.75,15998.0,Vereinigtes Königreich,3.75,2009,12,1,1,11,Lebensmittel
556,489522,21238,RED SPOTTY CUP,4,2009-12-01 11:45:00,0.85,15998.0,Vereinigtes Königreich,3.4,2009,12,1,1,11,Bücher
557,489522,21240,BLUE SPOTTY CUP,4,2009-12-01 11:45:00,0.85,15998.0,Vereinigtes Königreich,3.4,2009,12,1,1,11,Elektronik
558,489522,21239,PINK SPOTTY CUP,4,2009-12-01 11:45:00,0.85,15998.0,Vereinigtes Königreich,3.4,2009,12,1,1,11,Haus & Küche
559,489522,84007,MAGIC GARDEN MOUNT FUJI,4,2009-12-01 11:45:00,2.55,15998.0,Vereinigtes Königreich,10.2,2009,12,1,1,11,Haus & Küche
560,489522,84012,MAGISCHES SCHWERPUNKT WACHST AUS PAPIER,4,2009-12-01 11:45:00,2.55,15998.0,Vereinigtes Königreich,10.2,2009,12,1,1,11,Lebensmittel
561,489522,22077,6 RIBBONS RUSTIC CHARM,1,2009-12-01 11:45:00,1.65,15998.0,Vereinigtes Königreich,1.65,2009,12,1,1,11,Haus & Küche
562,489522,85049A,TRADITIONELLE CHRISTMAS RIBBONS,2,2009-12-01 11:45:00,1.25,15998.0,Vereinigtes Königreich,2.5,2009,12,1,1,11,Kleidung
563,489522,85049E,SCANDINAVIAN REDS RIBBONS,2,2009-12-01 11:45:00,1.25,15998.0,Vereinigtes Königreich,2.5,2009,12,1,1,11,Lebensmittel
564,489522,22075,6 RIBBONS ELEGANTE CHRISTMAS,2,2009-12-01 11:45:00,1.65,15998.0,Vereinigtes Königreich,3.3,2009,12,1,1,11,Haus & Küche
565,489522,22076,6 RIBBONS EMPIRE,1,2009-12-01 11:45:00,1.65,15998.0,Vereinigtes Königreich,1.65,2009,12,1,1,11,Lebensmittel
566,489522,79323W,WEISSKHERRY LICHTS,1,2009-12-01 11:45:00,6.75,15998.0,Vereinigtes Königreich,6.75,2009,12,1,1,11,Haus & Küche
567,489522,79323LP,LICHTPINK KHERRY LIGHTS,1,2009-12-01 11:45:00,6.75,15998.0,Vereinigtes Königreich,6.75,2009,12,1,1,11,Bücher
568,489522,79342B,GEWÄHRTE FLÜSSIGE LICHTE,1,2009-12-01 11:45:00,6.75,15998.0,Vereinigtes Königreich,6.75,2009,12,1,1,11,Elektronik
569,489522,79341,WILLOW BRANCH LICHTS.,6,2009-12-01 11:45:00,6.75,15998.0,Vereinigtes Königreich,40.5,2009,12,1,1,11,Elektronik
570,489523,84879,VERBUNDENE FARBSTÄTIGKEIT,800,2009-12-01 11:46:00,1.45,12931.0,Vereinigtes Königreich,1160.0,2009,12,1,1,11,Bücher
572,489526,85049E,SCANDINAVIAN REDS RIBBONS,12,2009-12-01 11:50:00,1.25,12533.0,Deutschland,15.0,2009,12,1,1,11,Elektronik
573,489526,21976,PACKUNG VON 60 MUSHROOM CAKE RECHTSSACHEN,24,2009-12-01 11:50:00,0.55,12533.0,Deutschland,13.200000000000001,2009,12,1,1,11,Elektronik
574,489526,21498,RED SPOTS WRAP,25,2009-12-01 11:50:00,0.42,12533.0,Deutschland,10.5,2009,12,1,1,11,Lebensmittel
575,489526,22077,6 RIBBONS RUSTIC CHARM,12,2009-12-01 11:50:00,1.65,12533.0,Deutschland,19.799999999999997,2009,12,1,1,11,Elektronik
576,489526,84946,ANTIQUE SILVER TEA GLAS ETCHED,12,2009-12-01 11:50:00,1.25,12533.0,Deutschland,15.0,2009,12,1,1,11,Bücher
577,489526,84948,SILVER HINGING T-LIGHT INHABER DOME,24,2009-12-01 11:50:00,1.65,12533.0,Deutschland,39.599999999999994,2009,12,1,1,11,Lebensmittel
578,489526,21537,"RETRO-SPOTTEN, DIE BOWL VERÖFFENTLICHT",4,2009-12-01 11:50:00,4.25,12533.0,Deutschland,17.0,2009,12,1,1,11,Kleidung
579,489526,21733,RED HINGING HERZ T-LIGHT INHABER,6,2009-12-01 11:50:00,2.95,12533.0,Deutschland,17.700000000000003,2009,12,1,1,11,Bücher
580,489526,85123A,WEISSHÄCHTIGE INHABER DES HERZENS T-LIGHT,6,2009-12-01 11:50:00,2.95,12533.0,Deutschland,17.700000000000003,2009,12,1,1,11,Lebensmittel
581,489526,20718,RED SPOTTY SHOPPER BAG,10,2009-12-01 11:50:00,1.25,12533.0,Deutschland,12.5,2009,12,1,1,11,Haus & Küche
585,489526,21539,RETRO SPOTS BUTTER DISH,3,2009-12-01 11:50:00,4.95,12533.0,Deutschland,14.850000000000001,2009,12,1,1,11,Haus & Küche
586,489526,16169F,WRAP BLIZZARD,25,2009-12-01 11:50:00,0.42,12533.0,Deutschland,10.5,2009,12,1,1,11,Bücher
587,489526,84836,ZINC METAL HERZDEKORATION,24,2009-12-01 11:50:00,1.25,12533.0,Deutschland,30.0,2009,12,1,1,11,Bücher
588,489526,21527,RETRO SPOT TRADITIONELLES TEAPOT,2,2009-12-01 11:50:00,7.95,12533.0,Deutschland,15.9,2009,12,1,1,11,Kleidung
589,489526,21533,RETRO SPOT GROSSMILCH JUG,6,2009-12-01 11:50:00,4.95,12533.0,Deutschland,29.700000000000003,2009,12,1,1,11,Haus & Küche
590,489526,21531,RETRO SPOT ZUCKER JAM BOWL,6,2009-12-01 11:50:00,2.55,12533.0,Deutschland,15.299999999999999,2009,12,1,1,11,Bücher
591,489526,22180,RETRO SPOT LAMP,3,2009-12-01 11:50:00,9.95,12533.0,Deutschland,29.849999999999998,2009,12,1,1,11,Kleidung
592,489526,22333,RETRO SPORT PARTEY BAG + STICKER SET,8,2009-12-01 11:50:00,1.65,12533.0,Deutschland,13.2,2009,12,1,1,11,Elektronik
593,489526,22319,HAIRKLIPS FORTIES FABRIC VERSICHERT,24,2009-12-01 11:50:00,0.65,12533.0,Deutschland,15.600000000000001,2009,12,1,1,11,Bücher
594,489526,85232B,SET/3 RUSSISCHER DOLL STACKING TINS,9,2009-12-01 11:50:00,4.95,12533.0,Deutschland,44.550000000000004,2009,12,1,1,11,Bücher
595,489526,20676,RED SPOTTY BOWL,8,2009-12-01 11:50:00,1.25,12533.0,Deutschland,10.0,2009,12,1,1,11,Bücher
596,489526,20914,SET/5 RED SPOTTY LID GLAS BOWLS,12,2009-12-01 11:50:00,2.95,12533.0,Deutschland,35.400000000000006,2009,12,1,1,11,Elektronik
597,489526,21217,RED SPOTTY ROUND CAKE TINS,3,2009-12-01 11:50:00,9.95,12533.0,Deutschland,29.849999999999998,2009,12,1,1,11,Haus & Küche
598,489526,21238,RED SPOTTY CUP,16,2009-12-01 11:50:00,0.85,12533.0,Deutschland,13.6,2009,12,1,1,11,Kleidung
599,489526,21242,RED SPOTTY PLATE,8,2009-12-01 11:50:00,1.69,12533.0,Deutschland,13.52,2009,12,1,1,11,Elektronik
